"","deveg","reveg","branching","sympodial","sympodial.node","flower","im","flo.count","flo.first","branching.first","branched","branched.first","symped","type","type.alt","name","symped.node"
"1",0.1,0.1,12,0,0,0,142,0,0,12,4,4,0,4,4,"an",0
"2",0.1,0.2,12,0,0,0,142,0,0,12,4,4,0,4,4,"an",0
"3",0.1,0.3,12,0,0,0,142,0,0,12,4,4,0,4,4,"an",0
"4",0.1,0.4,12,0,0,0,142,0,0,12,4,4,0,4,4,"an",0
"5",0.1,0.5,12,0,0,0,142,0,0,12,4,4,0,4,4,"an",0
"6",0.1,0.6,12,0,0,0,142,0,0,12,4,4,0,4,4,"an",0
"7",0.1,0.7,12,0,0,0,142,0,0,12,4,4,0,4,4,"an",0
"8",0.1,0.8,12,1,1,0,141,0,0,12,4,4,1,5,5,"fa",1
"9",0.1,0.9,12,6,1,0,136,0,0,12,4,4,1,5,5,"fa",1
"10",0.1,1,12,7,1,0,135,0,0,12,4,4,1,5,5,"fa",1
"11",0.1,1.1,12,55,1,0,86,0,0,12,4,4,1,5,5,"fa",1
"12",0.1,1.2,12,75,1,0,63,0,0,12,4,4,1,5,5,"fa",1
"13",0.1,1.3,12,75,1,0,63,0,0,12,4,4,1,5,5,"fa",1
"14",0.1,1.4,12,75,1,0,63,0,0,12,4,4,1,5,5,"fa",1
"15",0.1,1.5,12,75,1,0,61,0,0,12,4,4,1,5,5,"fa",1
"16",0.1,1.6,12,75,1,0,60,0,0,12,4,4,1,5,5,"fa",1
"17",0.1,1.7,12,72,1,0,57,0,0,12,4,4,1,5,5,"fa",1
"18",0.1,1.8,12,72,1,0,56,0,0,12,4,4,1,5,5,"fa",1
"19",0.1,1.9,12,72,1,0,54,0,0,12,4,4,1,5,5,"fa",1
"20",0.1,2,12,72,1,0,54,0,0,12,4,4,1,5,5,"fa",1
"21",0.1,2.1,12,72,1,0,52,0,0,12,4,4,1,5,5,"fa",1
"22",0.1,2.2,12,72,1,0,51,0,0,12,4,4,1,5,5,"fa",1
"23",0.1,2.3,12,69,1,0,49,0,0,12,4,4,1,5,5,"fa",1
"24",0.1,2.4,12,69,1,0,45,0,0,12,4,4,1,5,5,"fa",1
"25",0.1,2.5,12,69,1,0,45,0,0,12,4,4,1,5,5,"fa",1
"26",0.1,2.6,12,69,1,0,45,0,0,12,4,4,1,5,5,"fa",1
"27",0.1,2.7,12,69,1,0,44,0,0,12,4,4,1,5,5,"fa",1
"28",0.1,2.8,12,69,1,0,43,0,0,12,4,4,1,5,5,"fa",1
"29",0.1,2.9,12,67,1,0,39,0,0,12,4,4,1,5,5,"fa",1
"30",0.1,3,12,67,1,0,36,0,0,12,4,4,1,5,5,"fa",1
"31",0.6,0.1,12,0,0,0,142,0,0,12,4,4,0,4,4,"an",0
"32",0.6,0.2,12,0,0,0,142,0,0,12,4,4,0,4,4,"an",0
"33",0.6,0.3,12,0,0,0,142,0,0,12,4,4,0,4,4,"an",0
"34",0.6,0.4,12,0,0,0,142,0,0,12,4,4,0,4,4,"an",0
"35",0.6,0.5,12,0,0,0,142,0,0,12,4,4,0,4,4,"an",0
"36",0.6,0.6,12,0,0,0,142,0,0,12,4,4,0,4,4,"an",0
"37",0.6,0.7,12,0,0,0,142,0,0,12,4,4,0,4,4,"an",0
"38",0.6,0.8,12,0,3,0,142,0,0,12,4,4,0,4,4,"an",2
"39",0.6,0.9,12,3,1,0,139,0,0,12,4,4,1,5,5,"fa",1
"40",0.6,1,12,6,1,0,136,0,0,12,4,4,1,5,5,"fa",1
"41",0.6,1.1,12,15,1,0,126,0,0,12,4,4,1,5,5,"fa",1
"42",0.6,1.2,12,24,1,0,117,0,0,12,4,4,1,5,5,"fa",1
"43",0.6,1.3,12,30,1,0,108,0,0,12,4,4,1,5,5,"fa",1
"44",0.6,1.4,12,38,1,0,100,0,0,12,4,4,1,5,5,"fa",1
"45",0.6,1.5,12,48,1,0,89,0,0,12,4,4,1,5,5,"fa",1
"46",0.6,1.6,12,57,1,0,78,0,0,12,4,4,1,5,5,"fa",1
"47",0.6,1.7,12,64,1,0,71,0,0,12,4,4,1,5,5,"fa",1
"48",0.6,1.8,12,66,1,0,66,0,0,12,4,4,1,5,5,"fa",1
"49",0.6,1.9,12,68,1,0,60,0,0,12,4,4,1,5,5,"fa",1
"50",0.6,2,12,69,1,0,58,0,0,12,4,4,1,5,5,"fa",1
"51",0.6,2.1,12,70,1,0,55,0,0,12,4,4,1,5,5,"fa",1
"52",0.6,2.2,12,71,1,0,52,0,0,12,4,4,1,5,5,"fa",1
"53",0.6,2.3,12,72,1,0,51,0,0,12,4,4,1,5,5,"fa",1
"54",0.6,2.4,12,70,1,0,49,0,0,12,4,4,1,5,5,"fa",1
"55",0.6,2.5,12,69,1,0,48,0,0,12,4,4,1,5,5,"fa",1
"56",0.6,2.6,12,69,1,0,47,0,0,12,4,4,1,5,5,"fa",1
"57",0.6,2.7,12,69,1,0,45,0,0,12,4,4,1,5,5,"fa",1
"58",0.6,2.8,12,69,1,0,43,0,0,12,4,4,1,5,5,"fa",1
"59",0.6,2.9,12,68,1,0,41,0,0,12,4,4,1,5,5,"fa",1
"60",0.6,3,12,67,1,0,40,0,0,12,4,4,1,5,5,"fa",1
"61",1.1,0.1,8,0,0,0,118,0,0,8,4,4,0,4,4,"an",0
"62",1.1,0.2,8,0,0,0,123,0,0,8,4,4,0,4,4,"an",0
"63",1.1,0.3,8,0,0,0,126,0,0,8,4,4,0,4,4,"an",0
"64",1.1,0.4,8,0,0,0,126,0,0,8,4,4,0,4,4,"an",0
"65",1.1,0.5,9,0,0,0,130,0,0,8,4,4,0,4,4,"an",0
"66",1.1,0.6,9,0,0,0,131,0,0,8,4,4,0,4,4,"an",0
"67",1.1,0.7,9,0,0,0,133,0,0,8,4,4,0,4,4,"an",0
"68",1.1,0.8,9,0,3,0,133,0,0,8,4,4,0,4,4,"an",2
"69",1.1,0.9,9,3,1,0,131,0,0,8,4,4,1,5,5,"fa",1
"70",1.1,1,9,5,1,0,130,0,0,8,4,4,1,5,5,"fa",1
"71",1.1,1.1,9,10,1,0,124,0,0,8,4,4,1,5,5,"fa",1
"72",1.1,1.2,9,17,1,0,117,0,0,8,4,4,1,5,5,"fa",1
"73",1.1,1.3,9,18,1,0,115,0,0,8,4,4,1,5,5,"fa",1
"74",1.1,1.4,9,24,1,0,109,0,0,8,4,4,1,5,5,"fa",1
"75",1.1,1.5,9,29,1,0,104,0,0,8,4,4,1,5,5,"fa",1
"76",1.1,1.6,9,34,1,0,97,0,0,8,4,4,1,5,5,"fa",1
"77",1.1,1.7,9,41,1,0,89,0,0,8,4,4,1,5,5,"fa",1
"78",1.1,1.8,8,44,1,0,83,0,0,8,4,4,1,5,5,"fa",1
"79",1.1,1.9,9,49,1,0,77,0,0,8,4,4,1,5,5,"fa",1
"80",1.1,2,9,52,1,0,72,0,0,8,4,4,1,5,5,"fa",1
"81",1.1,2.1,9,57,1,0,67,0,0,8,4,4,1,5,5,"fa",1
"82",1.1,2.2,8,61,1,0,61,0,0,8,4,4,1,5,5,"fa",1
"83",1.1,2.3,8,63,1,0,57,0,0,8,4,4,1,5,5,"fa",1
"84",1.1,2.4,8,63,1,0,54,0,0,8,4,4,1,5,5,"fa",1
"85",1.1,2.5,8,64,1,0,51,0,0,8,4,4,1,5,5,"fa",1
"86",1.1,2.6,8,65,1,0,48,0,0,8,4,4,1,5,5,"fa",1
"87",1.1,2.7,8,65,1,0,47,0,0,8,4,4,1,5,5,"fa",1
"88",1.1,2.8,8,65,1,0,45,0,0,8,4,4,1,5,5,"fa",1
"89",1.1,2.9,8,65,1,0,45,0,0,8,4,4,1,5,5,"fa",1
"90",1.1,3,8,64,1,0,41,0,0,8,4,4,1,5,5,"fa",1
"91",1.6,0.1,6,0,0,0,96,0,0,6,4,4,0,4,4,"an",0
"92",1.6,0.2,6,0,0,0,99,0,0,6,4,4,0,4,4,"an",0
"93",1.6,0.3,6,0,0,0,105,0,0,6,4,4,0,4,4,"an",0
"94",1.6,0.4,6,0,0,0,107,0,0,6,4,4,0,4,4,"an",0
"95",1.6,0.5,6,0,0,0,108,0,0,6,4,4,0,4,4,"an",0
"96",1.6,0.6,6,0,0,0,110,0,0,6,4,4,0,4,4,"an",0
"97",1.6,0.7,6,0,0,0,110,0,0,6,4,4,0,4,4,"an",0
"98",1.6,0.8,6,0,3,0,111,0,0,6,4,4,0,4,4,"an",2
"99",1.6,0.9,6,2,3,0,111,0,0,6,4,4,1,5,5,"fa",2
"100",1.6,1,6,4,1,0,111,0,0,6,4,4,1,5,5,"fa",1
"101",1.6,1.1,6,7,1,0,109,0,0,6,4,4,1,5,5,"fa",1
"102",1.6,1.2,6,12,1,0,105,0,0,6,4,4,1,5,5,"fa",1
"103",1.6,1.3,6,13,1,0,102,0,0,6,4,4,1,5,5,"fa",1
"104",1.6,1.4,6,17,1,0,99,0,0,6,4,4,1,5,5,"fa",1
"105",1.6,1.5,6,21,1,0,95,0,0,6,4,4,1,5,5,"fa",1
"106",1.6,1.6,6,25,1,0,92,0,0,6,4,4,1,5,5,"fa",1
"107",1.6,1.7,6,29,1,0,88,0,0,6,4,4,1,5,5,"fa",1
"108",1.6,1.8,6,34,1,0,84,0,0,6,4,4,1,5,5,"fa",1
"109",1.6,1.9,6,36,1,0,80,0,0,6,4,4,1,5,5,"fa",1
"110",1.6,2,6,41,1,0,75,0,0,6,4,4,1,5,5,"fa",1
"111",1.6,2.1,6,44,1,0,70,0,0,6,4,4,1,5,5,"fa",1
"112",1.6,2.2,6,48,1,0,65,0,0,6,4,4,1,5,5,"fa",1
"113",1.6,2.3,6,52,1,0,61,0,0,6,4,4,1,5,5,"fa",1
"114",1.6,2.4,6,55,1,0,56,0,0,6,4,4,1,5,5,"fa",1
"115",1.6,2.5,6,54,1,0,55,0,0,6,4,4,1,5,5,"fa",1
"116",1.6,2.6,6,57,1,0,53,0,0,6,4,4,1,5,5,"fa",1
"117",1.6,2.7,6,58,1,0,51,0,0,6,4,4,1,5,5,"fa",1
"118",1.6,2.8,6,59,1,0,48,0,0,6,4,4,1,5,5,"fa",1
"119",1.6,2.9,6,61,1,0,47,0,0,6,4,4,1,5,5,"fa",1
"120",1.6,3,6,60,1,0,44,0,0,6,4,4,1,5,5,"fa",1
"121",2.1,0.1,4,0,0,1,78,8,8,4,3,3,0,3,3,"s",0
"122",2.1,0.2,4,0,0,1,84,8,8,4,3,3,0,3,3,"s",0
"123",2.1,0.3,4,0,0,1,87,7,1,4,3,3,0,3,3,"s",0
"124",2.1,0.4,4,0,0,1,90,5,1,4,3,3,0,3,3,"s",0
"125",2.1,0.5,4,0,0,1,94,4,1,4,3,3,0,3,3,"s",0
"126",2.1,0.6,5,0,0,1,97,4,1,4,4,3,0,6,3,"s.sft",0
"127",2.1,0.7,5,0,0,1,98,4,1,4,4,3,0,6,3,"s.sft",0
"128",2.1,0.8,5,0,5,1,99,3,1,4,4,3,0,6,3,"s.sft",2
"129",2.1,0.9,5,2,3,1,98,2,1,4,4,3,1,6,6,"s.sft",2
"130",2.1,1,5,3,1,1,99,2,1,4,4,3,1,6,6,"s.sft",1
"131",2.1,1.1,5,6,1,1,96,2,1,4,4,3,1,6,6,"s.sft",1
"132",2.1,1.2,5,9,1,1,95,1,1,4,4,3,1,6,6,"s.sft",1
"133",2.1,1.3,5,10,1,1,92,1,1,4,4,3,1,6,6,"s.sft",1
"134",2.1,1.4,5,13,1,1,91,1,1,4,4,3,1,6,6,"s.sft",1
"135",2.1,1.5,5,17,1,1,86,1,1,4,4,3,1,6,6,"s.sft",1
"136",2.1,1.6,5,20,1,1,83,1,1,4,4,3,1,6,6,"s.sft",1
"137",2.1,1.7,5,24,1,1,81,1,1,4,4,3,1,6,6,"s.sft",1
"138",2.1,1.8,5,27,1,1,78,1,1,4,4,3,1,6,6,"s.sft",1
"139",2.1,1.9,5,28,1,1,75,1,1,4,4,3,1,6,6,"s.sft",1
"140",2.1,2,5,33,1,1,72,1,1,4,4,3,1,6,6,"s.sft",1
"141",2.1,2.1,5,36,1,1,70,1,1,4,4,3,1,6,6,"s.sft",1
"142",2.1,2.2,5,40,1,1,65,1,1,4,4,3,1,6,6,"s.sft",1
"143",2.1,2.3,5,41,1,1,63,1,1,4,4,3,1,6,6,"s.sft",1
"144",2.1,2.4,5,46,1,1,58,1,1,4,4,3,1,6,6,"s.sft",1
"145",2.1,2.5,5,49,1,1,52,1,1,4,4,3,1,6,6,"s.sft",1
"146",2.1,2.6,5,50,1,1,51,1,1,4,4,3,1,6,6,"s.sft",1
"147",2.1,2.7,5,51,1,1,49,1,1,4,4,3,1,6,6,"s.sft",1
"148",2.1,2.8,5,52,1,1,47,1,1,4,4,3,1,6,6,"s.sft",1
"149",2.1,2.9,5,51,1,1,45,1,1,4,4,3,1,6,6,"s.sft",1
"150",2.1,3,5,52,1,1,43,1,1,4,4,3,1,6,6,"s.sft",1
"151",2.6,0.1,4,0,0,1,58,8,8,4,3,3,0,3,3,"s",0
"152",2.6,0.2,4,0,0,1,62,8,8,4,3,3,0,3,3,"s",0
"153",2.6,0.3,4,0,0,1,69,8,1,4,3,3,0,3,3,"s",0
"154",2.6,0.4,4,0,0,1,73,8,1,4,3,3,0,3,3,"s",0
"155",2.6,0.5,4,0,0,1,78,8,1,4,3,3,0,3,3,"s",0
"156",2.6,0.6,4,0,0,1,82,8,1,4,3,3,0,3,3,"s",0
"157",2.6,0.7,4,0,0,1,83,8,1,4,3,3,0,3,3,"s",0
"158",2.6,0.8,4,0,5,1,86,7,1,4,3,3,0,3,3,"s",2
"159",2.6,0.9,4,1,3,1,88,7,1,4,3,3,1,6,6," s.sft",2
"160",2.6,1,4,2,3,1,90,7,1,4,3,3,1,6,6," s.sft",2
"161",2.6,1.1,4,5,1,1,88,6,1,4,3,3,1,6,6," s.sft",1
"162",2.6,1.2,4,8,1,1,86,5,1,4,3,3,1,6,6," s.sft",1
"163",2.6,1.3,4,12,1,1,86,4,1,4,3,3,1,6,6," s.sft",1
"164",2.6,1.4,4,10,1,1,83,5,1,4,3,3,1,6,6," s.sft",1
"165",2.6,1.5,4,14,1,1,82,5,1,4,3,3,1,6,6," s.sft",1
"166",2.6,1.6,4,15,1,1,82,5,1,4,3,3,1,6,6," s.sft",1
"167",2.6,1.7,4,20,1,1,78,5,1,4,3,3,1,6,6," s.sft",1
"168",2.6,1.8,4,21,1,1,77,4,1,4,3,3,1,6,6," s.sft",1
"169",2.6,1.9,4,26,1,1,73,4,1,4,3,3,1,6,6," s.sft",1
"170",2.6,2,4,26,1,1,71,3,1,4,3,3,1,6,6," s.sft",1
"171",2.6,2.1,4,30,1,1,68,3,1,4,3,3,1,6,6," s.sft",1
"172",2.6,2.2,4,32,1,1,68,2,1,4,3,3,1,6,6," s.sft",1
"173",2.6,2.3,4,37,1,1,62,2,1,4,3,3,1,6,6," s.sft",1
"174",2.6,2.4,4,39,1,1,59,1,1,4,3,3,1,6,6,"s.sft",1
"175",2.6,2.5,4,41,1,1,57,1,1,4,3,3,1,6,6,"s.sft",1
"176",2.6,2.6,4,44,1,1,53,1,1,4,3,3,1,6,6,"s.sft",1
"177",2.6,2.7,4,46,1,1,50,1,1,4,3,3,1,6,6,"s.sft",1
"178",2.6,2.8,4,48,1,1,47,1,1,4,3,3,1,6,6,"s.sft",1
"179",2.6,2.9,4,48,1,1,46,1,1,4,3,3,1,6,6,"s.sft",1
"180",2.6,3,4,48,1,1,44,1,1,4,3,3,1,6,6,"s.sft",1
"181",3.1,0.1,3,0,0,1,43,8,8,3,3,3,0,3,3,"s",0
"182",3.1,0.2,3,0,0,1,47,8,8,3,3,3,0,3,3,"s",0
"183",3.1,0.3,3,0,0,1,53,8,8,3,3,3,0,3,3,"s",0
"184",3.1,0.4,3,0,0,1,55,8,1,3,3,3,0,3,3,"s",0
"185",3.1,0.5,3,0,0,1,63,8,1,3,3,3,0,3,3,"s",0
"186",3.1,0.6,3,0,0,1,66,8,1,3,3,3,0,3,3,"s",0
"187",3.1,0.7,3,0,0,1,67,8,1,3,3,3,0,3,3,"s",0
"188",3.1,0.8,4,0,0,1,70,8,1,3,3,3,0,3,3,"s",0
"189",3.1,0.9,3,1,3,1,74,8,1,3,3,3,1,6,6," s.sft",2
"190",3.1,1,4,2,3,1,75,8,1,3,3,3,1,6,6," s.sft",2
"191",3.1,1.1,4,4,1,1,77,7,1,3,3,3,1,6,6," s.sft",1
"192",3.1,1.2,4,7,1,1,77,7,1,3,3,3,1,6,6," s.sft",1
"193",3.1,1.3,3,9,1,1,78,7,1,3,3,3,1,6,6," s.sft",1
"194",3.1,1.4,3,10,1,1,73,8,1,3,3,3,1,6,6," s.sft",1
"195",3.1,1.5,4,10,1,1,77,8,1,3,3,3,1,6,6," s.sft",1
"196",3.1,1.6,4,16,1,1,73,5,1,3,3,3,1,6,6," s.sft",1
"197",3.1,1.7,4,17,1,1,71,4,1,3,3,3,1,6,6," s.sft",1
"198",3.1,1.8,4,21,1,1,70,4,1,3,3,3,1,6,6," s.sft",1
"199",3.1,1.9,3,24,1,1,70,4,1,3,3,3,1,6,6," s.sft",1
"200",3.1,2,3,26,1,1,62,4,1,3,3,3,1,6,6," s.sft",1
"201",3.1,2.1,3,27,1,1,62,4,1,3,3,3,1,6,6," s.sft",1
"202",3.1,2.2,4,32,1,1,60,4,1,3,3,3,1,6,6," s.sft",1
"203",3.1,2.3,4,34,1,1,58,4,1,3,3,3,1,6,6," s.sft",1
"204",3.1,2.4,3,37,1,1,57,4,1,3,3,3,1,6,6," s.sft",1
"205",3.1,2.5,3,41,1,1,55,4,1,3,3,3,1,6,6," s.sft",1
"206",3.1,2.6,3,42,1,1,47,4,1,3,3,3,1,6,6," s.sft",1
"207",3.1,2.7,4,44,1,1,48,4,1,3,3,3,1,6,6," s.sft",1
"208",3.1,2.8,3,46,1,1,45,4,1,3,3,3,1,6,6," s.sft",1
"209",3.1,2.9,4,49,1,1,43,4,1,3,3,3,1,6,6," s.sft",1
"210",3.1,3,3,49,1,1,43,4,1,3,3,3,1,6,6," s.sft",1
"211",3.6,0.1,3,0,0,1,35,8,8,3,3,3,0,3,3,"s",0
"212",3.6,0.2,3,0,0,1,36,8,8,3,3,3,0,3,3,"s",0
"213",3.6,0.3,3,0,0,1,41,8,8,3,3,3,0,3,3,"s",0
"214",3.6,0.4,3,0,0,1,46,8,1,3,3,3,0,3,3,"s",0
"215",3.6,0.5,3,0,0,1,48,8,1,3,3,3,0,3,3,"s",0
"216",3.6,0.6,3,0,0,1,52,8,1,3,3,3,0,3,3,"s",0
"217",3.6,0.7,3,0,0,1,59,8,1,3,3,3,0,3,3,"s",0
"218",3.6,0.8,3,0,0,1,59,8,1,3,3,3,0,3,3,"s",0
"219",3.6,0.9,3,1,5,1,61,8,1,3,3,3,1,6,6," s.sft",2
"220",3.6,1,3,2,3,1,64,8,1,3,3,3,1,6,6," s.sft",2
"221",3.6,1.1,3,3,3,1,66,8,1,3,3,3,1,6,6," s.sft",2
"222",3.6,1.2,3,6,1,1,65,8,1,3,3,3,1,6,6," s.sft",1
"223",3.6,1.3,3,7,1,1,68,7,1,3,3,3,1,6,6," s.sft",1
"224",3.6,1.4,3,10,1,1,66,8,1,3,3,3,1,6,6," s.sft",1
"225",3.6,1.5,3,10,1,1,66,8,1,3,3,3,1,6,6," s.sft",1
"226",3.6,1.6,3,13,1,1,66,8,1,3,3,3,1,6,6," s.sft",1
"227",3.6,1.7,3,16,1,1,66,8,1,3,3,3,1,6,6," s.sft",1
"228",3.6,1.8,3,18,1,1,65,8,1,3,3,3,1,6,6," s.sft",1
"229",3.6,1.9,3,21,1,1,63,6,1,3,3,3,1,6,6," s.sft",1
"230",3.6,2,3,22,1,1,67,4,1,3,3,3,1,6,6," s.sft",1
"231",3.6,2.1,3,26,1,1,59,4,1,3,3,3,1,6,6," s.sft",1
"232",3.6,2.2,3,28,1,1,57,4,1,3,3,3,1,6,6," s.sft",1
"233",3.6,2.3,3,30,1,1,55,4,1,3,3,3,1,6,6," s.sft",1
"234",3.6,2.4,3,35,1,1,50,4,1,3,3,3,1,6,6," s.sft",1
"235",3.6,2.5,3,37,1,1,52,4,1,3,3,3,1,6,6," s.sft",1
"236",3.6,2.6,3,39,1,1,50,4,1,3,3,3,1,6,6," s.sft",1
"237",3.6,2.7,3,39,1,1,46,4,1,3,3,3,1,6,6," s.sft",1
"238",3.6,2.8,3,42,1,1,44,4,1,3,3,3,1,6,6," s.sft",1
"239",3.6,2.9,3,45,1,1,42,4,1,3,3,3,1,6,6," s.sft",1
"240",3.6,3,3,46,1,1,40,4,1,3,3,3,1,6,6," s.sft",1
"241",4.1,0.1,2,0,0,1,17,5,5,2,3,3,0,3,3,"s",0
"242",4.1,0.2,2,0,0,1,28,7,7,2,3,3,0,3,3,"s",0
"243",4.1,0.3,2,0,0,1,30,7,7,2,3,3,0,3,3,"s",0
"244",4.1,0.4,2,0,0,1,36,8,8,2,3,3,0,3,3,"s",0
"245",4.1,0.5,2,0,0,1,42,8,1,2,3,3,0,3,3,"s",0
"246",4.1,0.6,2,0,0,1,46,8,1,2,3,3,0,3,3,"s",0
"247",4.1,0.7,2,0,0,1,46,8,1,2,3,3,0,3,3,"s",0
"248",4.1,0.8,3,0,0,1,49,8,1,2,3,3,0,3,3,"s",0
"249",4.1,0.9,3,0,5,1,56,8,1,2,3,3,0,3,3,"s",2
"250",4.1,1,3,2,3,1,56,8,1,2,3,3,1,6,6," s.sft",2
"251",4.1,1.1,3,3,3,1,57,8,1,2,3,3,1,6,6," s.sft",2
"252",4.1,1.2,3,3,1,1,64,8,1,2,3,3,1,6,6," s.sft",1
"253",4.1,1.3,3,7,1,1,62,8,1,2,3,3,1,6,6," s.sft",1
"254",4.1,1.4,2,8,1,1,60,8,1,2,3,3,1,6,6," s.sft",1
"255",4.1,1.5,3,11,1,1,54,8,1,2,3,3,1,6,6," s.sft",1
"256",4.1,1.6,3,11,1,1,62,8,1,2,3,3,1,6,6," s.sft",1
"257",4.1,1.7,3,16,1,1,60,8,1,2,3,3,1,6,6," s.sft",1
"258",4.1,1.8,3,17,1,1,59,8,1,2,3,3,1,6,6," s.sft",1
"259",4.1,1.9,3,22,1,1,61,8,1,2,3,3,1,6,6," s.sft",1
"260",4.1,2,3,23,1,1,60,8,1,2,3,3,1,6,6," s.sft",1
"261",4.1,2.1,2,21,1,1,56,8,1,2,3,3,1,6,6," s.sft",1
"262",4.1,2.2,3,27,1,1,52,5,1,2,3,3,1,6,6," s.sft",1
"263",4.1,2.3,3,28,1,1,54,3,1,2,3,3,1,6,6," s.sft",1
"264",4.1,2.4,3,32,1,1,51,3,1,2,3,3,1,6,6," s.sft",1
"265",4.1,2.5,3,35,1,1,49,3,1,2,3,3,1,6,6," s.sft",1
"266",4.1,2.6,3,39,1,1,45,3,1,2,3,3,1,6,6," s.sft",1
"267",4.1,2.7,3,38,1,1,42,3,1,2,3,3,1,6,6," s.sft",1
"268",4.1,2.8,3,41,1,1,40,3,1,2,3,3,1,6,6," s.sft",1
"269",4.1,2.9,3,40,1,1,39,3,1,2,3,3,1,6,6," s.sft",1
"270",4.1,3,3,43,1,1,37,3,1,2,3,3,1,6,6," s.sft",1
"271",4.6,0.1,2,0,0,1,12,4,4,2,3,3,0,3,3,"s",0
"272",4.6,0.2,2,0,0,1,16,5,5,2,3,3,0,3,3,"s",0
"273",4.6,0.3,2,0,0,1,17,5,5,2,3,3,0,3,3,"s",0
"274",4.6,0.4,2,0,0,1,23,6,6,2,3,3,0,3,3,"s",0
"275",4.6,0.5,2,0,0,1,34,8,1,2,3,3,0,3,3,"s",0
"276",4.6,0.6,2,0,0,1,35,8,1,2,3,3,0,3,3,"s",0
"277",4.6,0.7,2,0,0,1,42,8,1,2,3,3,0,3,3,"s",0
"278",4.6,0.8,2,0,0,1,46,8,1,2,3,3,0,3,3,"s",0
"279",4.6,0.9,3,0,0,1,47,8,1,2,3,3,0,3,3,"s",0
"280",4.6,1,3,1,5,1,51,8,1,2,3,3,1,6,6," s.sft",2
"281",4.6,1.1,3,2,3,1,54,8,1,2,3,3,1,6,6," s.sft",2
"282",4.6,1.2,3,3,3,1,53,8,1,2,3,3,1,6,6," s.sft",2
"283",4.6,1.3,3,7,1,1,52,8,1,2,3,3,1,6,6," s.sft",1
"284",4.6,1.4,3,7,1,1,57,8,1,2,3,3,1,6,6," s.sft",1
"285",4.6,1.5,2,7,1,1,55,8,1,2,3,3,1,6,6," s.sft",1
"286",4.6,1.6,3,11,1,1,53,8,1,2,3,3,1,6,6," s.sft",1
"287",4.6,1.7,3,12,1,1,55,8,1,2,3,3,1,6,6," s.sft",1
"288",4.6,1.8,3,15,1,1,54,8,1,2,3,3,1,6,6," s.sft",1
"289",4.6,1.9,3,18,1,1,54,8,1,2,3,3,1,6,6," s.sft",1
"290",4.6,2,3,22,1,1,53,8,1,2,3,3,1,6,6," s.sft",1
"291",4.6,2.1,3,24,1,1,55,8,1,2,3,3,1,6,6," s.sft",1
"292",4.6,2.2,3,23,1,1,55,8,1,2,3,3,1,6,6," s.sft",1
"293",4.6,2.3,3,26,1,1,53,7,1,2,3,3,1,6,6," s.sft",1
"294",4.6,2.4,3,29,1,1,51,5,1,2,3,3,1,6,6," s.sft",1
"295",4.6,2.5,3,32,1,1,47,3,1,2,3,3,1,6,6," s.sft",1
"296",4.6,2.6,2,35,1,1,44,3,1,2,3,3,1,6,6," s.sft",1
"297",4.6,2.7,3,38,1,1,44,3,1,2,3,3,1,6,6," s.sft",1
"298",4.6,2.8,3,38,1,1,40,3,1,2,3,3,1,6,6," s.sft",1
"299",4.6,2.9,3,41,1,1,39,3,1,2,3,3,1,6,6," s.sft",1
"300",4.6,3,2,38,1,1,37,3,1,2,3,3,1,6,6," s.sft",1
"301",5.1,0.1,2,0,0,1,10,4,4,2,3,3,0,3,3,"s",0
"302",5.1,0.2,2,0,0,1,11,4,4,2,3,3,0,3,3,"s",0
"303",5.1,0.3,2,0,0,1,12,4,4,2,3,3,0,3,3,"s",0
"304",5.1,0.4,2,0,0,1,17,5,5,2,3,3,0,3,3,"s",0
"305",5.1,0.5,2,0,0,1,21,6,6,2,3,3,0,3,3,"s",0
"306",5.1,0.6,2,0,0,1,33,8,1,2,3,3,0,3,3,"s",0
"307",5.1,0.7,2,0,0,1,36,8,1,2,3,3,0,3,3,"s",0
"308",5.1,0.8,2,0,0,1,38,8,1,2,3,3,0,3,3,"s",0
"309",5.1,0.9,2,0,0,1,40,8,1,2,3,3,0,3,3,"s",0
"310",5.1,1,2,1,5,1,44,8,1,2,3,3,1,6,6," s.sft",2
"311",5.1,1.1,2,2,3,1,47,8,1,2,3,3,1,6,6," s.sft",2
"312",5.1,1.2,2,4,3,1,49,8,1,2,3,3,1,6,6," s.sft",2
"313",5.1,1.3,2,6,1,1,52,8,1,2,3,3,1,6,6," s.sft",1
"314",5.1,1.4,2,7,1,1,50,8,1,2,3,3,1,6,6," s.sft",1
"315",5.1,1.5,2,8,1,1,49,8,1,2,3,3,1,6,6," s.sft",1
"316",5.1,1.6,2,7,1,1,49,8,1,2,3,3,1,6,6," s.sft",1
"317",5.1,1.7,2,11,1,1,50,8,1,2,3,3,1,6,6," s.sft",1
"318",5.1,1.8,2,13,1,1,49,8,1,2,3,3,1,6,6," s.sft",1
"319",5.1,1.9,2,15,1,1,51,8,1,2,3,3,1,6,6," s.sft",1
"320",5.1,2,2,19,1,1,51,8,1,2,3,3,1,6,6," s.sft",1
"321",5.1,2.1,2,22,1,1,49,8,1,2,3,3,1,6,6," s.sft",1
"322",5.1,2.2,2,21,1,1,48,8,1,2,3,3,1,6,6," s.sft",1
"323",5.1,2.3,2,23,1,1,51,8,1,2,3,3,1,6,6," s.sft",1
"324",5.1,2.4,2,27,1,1,48,8,1,2,3,3,1,6,6," s.sft",1
"325",5.1,2.5,2,29,1,1,48,7,1,2,3,3,1,6,6," s.sft",1
"326",5.1,2.6,2,33,1,1,43,5,1,2,3,3,1,6,6," s.sft",1
"327",5.1,2.7,2,35,1,1,43,3,1,2,3,3,1,6,6," s.sft",1
"328",5.1,2.8,2,39,1,1,41,3,1,2,3,3,1,6,6," s.sft",1
"329",5.1,2.9,2,36,1,1,39,3,1,2,3,3,1,6,6," s.sft",1
"330",5.1,3,2,40,1,1,38,3,1,2,3,3,1,6,6," s.sft",1
"331",5.6,0.1,2,0,0,1,9,4,4,2,3,3,0,3,3,"s",0
"332",5.6,0.2,2,0,0,1,9,4,4,2,3,3,0,3,3,"s",0
"333",5.6,0.3,2,0,0,1,10,4,4,2,3,3,0,3,3,"s",0
"334",5.6,0.4,2,0,0,1,10,4,4,2,3,3,0,3,3,"s",0
"335",5.6,0.5,2,0,0,1,14,5,5,2,3,3,0,3,3,"s",0
"336",5.6,0.6,2,0,0,1,21,6,1,2,3,3,0,3,3,"s",0
"337",5.6,0.7,2,0,0,1,27,7,1,2,3,3,0,3,3,"s",0
"338",5.6,0.8,2,0,0,1,35,8,1,2,3,3,0,3,3,"s",0
"339",5.6,0.9,2,0,0,1,38,8,1,2,3,3,0,3,3,"s",0
"340",5.6,1,2,0,0,1,40,8,1,2,3,3,0,3,3,"s",0
"341",5.6,1.1,2,2,3,1,42,8,1,2,3,3,1,6,6," s.sft",2
"342",5.6,1.2,2,4,3,1,43,8,1,2,3,3,1,6,6," s.sft",2
"343",5.6,1.3,2,6,3,1,46,8,1,2,3,3,1,6,6," s.sft",2
"344",5.6,1.4,2,8,1,1,49,8,1,2,3,3,1,6,6," s.sft",1
"345",5.6,1.5,2,7,1,1,45,8,1,2,3,3,1,6,6," s.sft",1
"346",5.6,1.6,2,10,1,1,46,8,1,2,3,3,1,6,6," s.sft",1
"347",5.6,1.7,2,12,1,1,47,8,1,2,3,3,1,6,6," s.sft",1
"348",5.6,1.8,2,15,1,1,46,7,1,2,3,3,1,6,6," s.sft",1
"349",5.6,1.9,2,13,1,1,46,8,1,2,3,3,1,6,6," s.sft",1
"350",5.6,2,2,17,1,1,46,8,1,2,3,3,1,6,6," s.sft",1
"351",5.6,2.1,2,19,1,1,47,8,1,2,3,3,1,6,6," s.sft",1
"352",5.6,2.2,2,22,1,1,47,8,1,2,3,3,1,6,6," s.sft",1
"353",5.6,2.3,2,21,1,1,46,8,1,2,3,3,1,6,6," s.sft",1
"354",5.6,2.4,2,24,1,1,46,8,1,2,3,3,1,6,6," s.sft",1
"355",5.6,2.5,2,26,1,1,45,8,1,2,3,3,1,6,6," s.sft",1
"356",5.6,2.6,2,29,1,1,47,7,1,2,3,3,1,6,6," s.sft",1
"357",5.6,2.7,2,32,1,1,45,6,1,2,3,3,1,6,6," s.sft",1
"358",5.6,2.8,2,35,1,1,41,4,1,2,3,3,1,6,6," s.sft",1
"359",5.6,2.9,2,34,1,1,39,4,1,2,3,3,1,6,6," s.sft",1
"360",5.6,3,2,36,1,1,38,4,1,2,3,3,1,6,6," s.sft",1
"361",6.1,0.1,2,0,0,1,9,4,4,2,3,3,0,3,3,"s",0
"362",6.1,0.2,2,0,0,1,9,4,4,2,3,3,0,3,3,"s",0
"363",6.1,0.3,2,0,0,1,9,4,4,2,3,3,0,3,3,"s",0
"364",6.1,0.4,2,0,0,1,9,4,4,2,3,3,0,3,3,"s",0
"365",6.1,0.5,2,0,0,1,10,4,4,2,3,3,0,3,3,"s",0
"366",6.1,0.6,2,0,0,1,14,5,5,2,3,3,0,3,3,"s",0
"367",6.1,0.7,2,0,0,1,19,6,1,2,3,3,0,3,3,"s",0
"368",6.1,0.8,2,0,0,1,24,7,1,2,3,3,0,3,3,"s",0
"369",6.1,0.9,2,0,0,1,33,8,1,2,3,3,0,3,3,"s",0
"370",6.1,1,2,0,0,1,39,8,1,2,3,3,0,3,3,"s",0
"371",6.1,1.1,2,1,5,1,38,8,1,2,3,3,1,6,6," s.sft",2
"372",6.1,1.2,2,3,3,1,41,8,1,2,3,3,1,6,6," s.sft",2
"373",6.1,1.3,2,4,3,1,43,8,1,2,3,3,1,6,6," s.sft",2
"374",6.1,1.4,2,7,1,1,43,8,1,2,3,3,1,6,6," s.sft",1
"375",6.1,1.5,2,9,1,1,44,8,1,2,3,3,1,6,6," s.sft",1
"376",6.1,1.6,2,11,1,1,44,8,1,2,3,3,1,6,6," s.sft",1
"377",6.1,1.7,2,11,1,1,43,8,1,2,3,3,1,6,6," s.sft",1
"378",6.1,1.8,2,14,1,1,42,7,1,2,3,3,1,6,6," s.sft",1
"379",6.1,1.9,2,17,1,1,43,7,1,2,3,3,1,6,6," s.sft",1
"380",6.1,2,2,18,1,1,43,8,1,2,3,3,1,6,6," s.sft",1
"381",6.1,2.1,2,18,1,1,43,8,1,2,3,3,1,6,6," s.sft",1
"382",6.1,2.2,2,20,1,1,44,8,1,2,3,3,1,6,6," s.sft",1
"383",6.1,2.3,2,23,1,1,43,8,1,2,3,3,1,6,6," s.sft",1
"384",6.1,2.4,2,21,1,1,44,8,1,2,3,3,1,6,6," s.sft",1
"385",6.1,2.5,2,25,1,1,43,8,1,2,3,3,1,6,6," s.sft",1
"386",6.1,2.6,2,27,1,1,42,8,1,2,3,3,1,6,6," s.sft",1
"387",6.1,2.7,2,30,1,1,42,7,1,2,3,3,1,6,6," s.sft",1
"388",6.1,2.8,2,33,1,1,41,6,1,2,3,3,1,6,6," s.sft",1
"389",6.1,2.9,2,35,1,1,40,4,1,2,3,3,1,6,6," s.sft",1
"390",6.1,3,2,34,1,1,39,5,1,2,3,3,1,6,6," s.sft",1
"391",6.6,0.1,1,0,0,1,3,2,2,1,2,2,0,2,2,"wt",0
"392",6.6,0.2,1,0,0,1,6,3,3,1,2,2,0,2,2,"wt",0
"393",6.6,0.3,1,0,0,1,6,3,3,1,2,2,0,2,2,"wt",0
"394",6.6,0.4,1,0,0,1,6,3,3,1,2,2,0,2,2,"wt",0
"395",6.6,0.5,1,0,0,1,6,3,3,1,2,2,0,2,2,"wt",0
"396",6.6,0.6,1,0,0,1,6,3,3,1,2,2,0,2,2,"wt",0
"397",6.6,0.7,1,0,0,1,11,4,4,1,2,2,0,2,2,"wt",0
"398",6.6,0.8,1,0,0,1,16,5,1,1,2,2,0,2,2,"wt",0
"399",6.6,0.9,1,0,0,1,22,6,1,1,2,2,0,2,2,"wt",0
"400",6.6,1,2,0,0,1,36,8,1,1,3,2,0,3,2,"s",0
"401",6.6,1.1,2,2,4,1,39,8,1,1,3,2,1,6,7," s.sft",2
"402",6.6,1.2,2,4,3,1,42,8,1,1,3,2,1,6,7," s.sft",2
"403",6.6,1.3,2,6,3,1,41,8,1,1,3,2,1,6,7," s.sft",2
"404",6.6,1.4,2,8,3,1,42,8,1,1,3,2,1,6,7," s.sft",2
"405",6.6,1.5,2,11,1,1,45,8,1,1,3,2,1,6,8," s.sft",1
"406",6.6,1.6,2,12,1,1,45,8,1,1,3,2,1,6,8," s.sft",1
"407",6.6,1.7,2,14,1,1,45,8,1,1,3,2,1,6,8," s.sft",1
"408",6.6,1.8,2,17,1,1,46,8,1,1,3,2,1,6,8," s.sft",1
"409",6.6,1.9,2,20,1,1,43,7,1,1,3,2,1,6,8," s.sft",1
"410",6.6,2,2,21,1,1,44,6,1,1,3,2,1,6,8," s.sft",1
"411",6.6,2.1,2,26,1,1,38,5,1,1,3,2,1,6,8," s.sft",1
"412",6.6,2.2,2,27,1,1,38,5,1,1,3,2,1,6,8," s.sft",1
"413",6.6,2.3,2,32,1,1,35,5,1,1,3,2,1,6,8," s.sft",1
"414",6.6,2.4,2,29,1,1,33,4,1,1,3,2,1,6,8," s.sft",1
"415",6.6,2.5,2,29,1,1,34,5,1,1,3,2,1,6,8," s.sft",1
"416",6.6,2.6,2,32,1,1,32,5,1,1,3,2,1,6,8," s.sft",1
"417",6.6,2.7,2,33,1,1,29,5,1,1,3,2,1,6,8," s.sft",1
"418",6.6,2.8,2,32,1,1,25,3,1,1,3,2,1,6,8," s.sft",1
"419",6.6,2.9,2,33,1,1,23,3,1,1,3,2,1,6,8," s.sft",1
"420",6.6,3,2,28,1,1,16,2,1,1,3,2,1,6,8," s.sft",1
"421",7.1,0.1,1,0,0,1,2,2,2,1,2,2,0,2,2,"wt",0
"422",7.1,0.2,1,0,0,1,2,2,2,1,2,2,0,2,2,"wt",0
"423",7.1,0.3,1,0,0,1,5,3,3,1,2,2,0,2,2,"wt",0
"424",7.1,0.4,1,0,0,1,6,3,3,1,2,2,0,2,2,"wt",0
"425",7.1,0.5,1,0,0,1,6,3,3,1,2,2,0,2,2,"wt",0
"426",7.1,0.6,1,0,0,1,6,3,3,1,2,2,0,2,2,"wt",0
"427",7.1,0.7,1,0,0,1,6,3,3,1,2,2,0,2,2,"wt",0
"428",7.1,0.8,1,0,0,1,11,4,1,1,2,2,0,2,2,"wt",0
"429",7.1,0.9,1,0,0,1,16,5,1,1,2,2,0,2,2,"wt",0
"430",7.1,1,1,0,0,1,26,7,1,1,2,2,0,2,2,"wt",0
"431",7.1,1.1,2,2,5,1,37,8,1,1,3,2,1,6,7," s.sft",2
"432",7.1,1.2,2,5,4,1,38,8,1,1,3,2,1,6,7," s.sft",2
"433",7.1,1.3,2,6,3,1,41,8,1,1,3,2,1,6,7," s.sft",2
"434",7.1,1.4,2,6,3,1,40,8,1,1,3,2,1,6,7," s.sft",2
"435",7.1,1.5,2,9,1,1,41,8,1,1,3,2,1,6,8," s.sft",1
"436",7.1,1.6,2,9,1,1,42,8,1,1,3,2,1,6,8," s.sft",1
"437",7.1,1.7,2,14,1,1,42,8,1,1,3,2,1,6,8," s.sft",1
"438",7.1,1.8,2,18,1,1,44,8,1,1,3,2,1,6,8," s.sft",1
"439",7.1,1.9,2,20,1,1,42,8,1,1,3,2,1,6,8," s.sft",1
"440",7.1,2,2,19,1,1,40,7,1,1,3,2,1,6,8," s.sft",1
"441",7.1,2.1,2,24,1,1,41,6,1,1,3,2,1,6,8," s.sft",1
"442",7.1,2.2,2,28,1,1,36,5,1,1,3,2,1,6,8," s.sft",1
"443",7.1,2.3,2,29,1,1,37,5,1,1,3,2,1,6,8," s.sft",1
"444",7.1,2.4,1,33,1,1,32,5,1,1,2,2,1,7,8,"sft",1
"445",7.1,2.5,2,28,1,1,30,4,1,1,3,2,1,6,8," s.sft",1
"446",7.1,2.6,2,30,1,1,32,5,1,1,3,2,1,6,8," s.sft",1
"447",7.1,2.7,2,33,1,1,30,5,1,1,3,2,1,6,8," s.sft",1
"448",7.1,2.8,2,34,1,1,28,4,1,1,3,2,1,6,8," s.sft",1
"449",7.1,2.9,2,33,1,1,23,3,1,1,3,2,1,6,8," s.sft",1
"450",7.1,3,2,34,1,1,22,3,1,1,3,2,1,6,8," s.sft",1
"451",7.6,0.1,1,0,0,1,2,2,2,1,2,2,0,2,2,"wt",0
"452",7.6,0.2,1,0,0,1,2,2,2,1,2,2,0,2,2,"wt",0
"453",7.6,0.3,1,0,0,1,2,2,2,1,2,2,0,2,2,"wt",0
"454",7.6,0.4,1,0,0,1,5,3,3,1,2,2,0,2,2,"wt",0
"455",7.6,0.5,1,0,0,1,5,3,3,1,2,2,0,2,2,"wt",0
"456",7.6,0.6,1,0,0,1,6,3,3,1,2,2,0,2,2,"wt",0
"457",7.6,0.7,1,0,0,1,6,3,3,1,2,2,0,2,2,"wt",0
"458",7.6,0.8,1,0,0,1,6,3,3,1,2,2,0,2,2,"wt",0
"459",7.6,0.9,1,0,0,1,10,4,1,1,2,2,0,2,2,"wt",0
"460",7.6,1,1,0,0,1,16,5,1,1,2,2,0,2,2,"wt",0
"461",7.6,1.1,1,0,0,1,33,8,1,1,2,2,0,2,2,"wt",0
"462",7.6,1.2,2,5,4,1,37,8,1,1,3,2,1,6,7," s.sft",2
"463",7.6,1.3,2,8,3,1,39,8,1,1,3,2,1,6,7," s.sft",2
"464",7.6,1.4,2,7,3,1,38,8,1,1,3,2,1,6,7," s.sft",2
"465",7.6,1.5,2,7,3,1,41,8,1,1,3,2,1,6,7," s.sft",2
"466",7.6,1.6,2,12,1,1,41,8,1,1,3,2,1,6,8," s.sft",1
"467",7.6,1.7,2,11,1,1,43,8,1,1,3,2,1,6,8," s.sft",1
"468",7.6,1.8,2,15,1,1,44,8,1,1,3,2,1,6,8," s.sft",1
"469",7.6,1.9,2,18,1,1,40,8,1,1,3,2,1,6,8," s.sft",1
"470",7.6,2,2,22,1,1,40,7,1,1,3,2,1,6,8," s.sft",1
"471",7.6,2.1,2,22,1,1,37,6,1,1,3,2,1,6,8," s.sft",1
"472",7.6,2.2,2,25,1,1,37,6,1,1,3,2,1,6,8," s.sft",1
"473",7.6,2.3,2,28,1,1,34,5,1,1,3,2,1,6,8," s.sft",1
"474",7.6,2.4,2,34,1,1,32,5,1,1,3,2,1,6,8," s.sft",1
"475",7.6,2.5,2,26,1,1,29,4,1,1,3,2,1,6,8," s.sft",1
"476",7.6,2.6,2,31,1,1,26,4,1,1,3,2,1,6,8," s.sft",1
"477",7.6,2.7,2,31,1,1,27,5,1,1,3,2,1,6,8," s.sft",1
"478",7.6,2.8,2,33,1,1,29,5,1,1,3,2,1,6,8," s.sft",1
"479",7.6,2.9,1,31,1,1,23,4,1,1,2,2,1,7,8,"sft",1
"480",7.6,3,1,33,1,1,23,3,1,1,2,2,1,7,8,"sft",1
"481",8.1,0.1,1,0,0,1,2,2,2,1,2,2,0,2,2,"wt",0
"482",8.1,0.2,1,0,0,1,2,2,2,1,2,2,0,2,2,"wt",0
"483",8.1,0.3,1,0,0,1,2,2,2,1,2,2,0,2,2,"wt",0
"484",8.1,0.4,1,0,0,1,2,2,2,1,2,2,0,2,2,"wt",0
"485",8.1,0.5,1,0,0,1,2,2,2,1,2,2,0,2,2,"wt",0
"486",8.1,0.6,1,0,0,1,5,3,3,1,2,2,0,2,2,"wt",0
"487",8.1,0.7,1,0,0,1,5,3,3,1,2,2,0,2,2,"wt",0
"488",8.1,0.8,1,0,0,1,5,3,3,1,2,2,0,2,2,"wt",0
"489",8.1,0.9,1,0,0,1,6,3,1,1,2,2,0,2,2,"wt",0
"490",8.1,1,1,0,0,1,10,4,1,1,2,2,0,2,2,"wt",0
"491",8.1,1.1,1,0,0,1,20,6,1,1,2,2,0,2,2,"wt",0
"492",8.1,1.2,2,3,5,1,34,8,1,1,3,2,1,6,7," s.sft",2
"493",8.1,1.3,2,5,4,1,34,8,1,1,3,2,1,6,7," s.sft",2
"494",8.1,1.4,2,7,3,1,37,8,1,1,3,2,1,6,7," s.sft",2
"495",8.1,1.5,2,7,3,1,35,8,1,1,3,2,1,6,7," s.sft",2
"496",8.1,1.6,2,11,3,1,38,8,1,1,3,2,1,6,7," s.sft",2
"497",8.1,1.7,2,14,1,1,38,8,1,1,3,2,1,6,8," s.sft",1
"498",8.1,1.8,2,15,1,1,38,8,1,1,3,2,1,6,8," s.sft",1
"499",8.1,1.9,1,20,1,1,38,8,1,1,2,2,1,7,8,"sft",1
"500",8.1,2,2,20,1,1,42,8,1,1,3,2,1,6,8," s.sft",1
"501",8.1,2.1,2,22,1,1,37,6,1,1,3,2,1,6,8," s.sft",1
"502",8.1,2.2,2,22,1,1,37,6,1,1,3,2,1,6,8," s.sft",1
"503",8.1,2.3,2,26,1,1,35,6,1,1,3,2,1,6,8," s.sft",1
"504",8.1,2.4,2,30,1,1,34,5,1,1,3,2,1,6,8," s.sft",1
"505",8.1,2.5,1,33,1,1,31,5,1,1,2,2,1,7,8,"sft",1
"506",8.1,2.6,2,29,1,1,27,4,1,1,3,2,1,6,8," s.sft",1
"507",8.1,2.7,1,32,1,1,24,4,1,1,2,2,1,7,8,"sft",1
"508",8.1,2.8,2,31,1,1,28,5,1,1,3,2,1,6,8," s.sft",1
"509",8.1,2.9,2,33,1,1,26,5,1,1,3,2,1,6,8," s.sft",1
"510",8.1,3,2,32,1,1,22,4,1,1,3,2,1,6,8," s.sft",1
"511",8.6,0.1,1,0,0,1,2,2,2,1,2,2,0,2,2,"wt",0
"512",8.6,0.2,1,0,0,1,2,2,2,1,2,2,0,2,2,"wt",0
"513",8.6,0.3,1,0,0,1,2,2,2,1,2,2,0,2,2,"wt",0
"514",8.6,0.4,1,0,0,1,2,2,2,1,2,2,0,2,2,"wt",0
"515",8.6,0.5,1,0,0,1,2,2,2,1,2,2,0,2,2,"wt",0
"516",8.6,0.6,1,0,0,1,2,2,2,1,2,2,0,2,2,"wt",0
"517",8.6,0.7,1,0,0,1,5,3,3,1,2,2,0,2,2,"wt",0
"518",8.6,0.8,1,0,0,1,5,3,3,1,2,2,0,2,2,"wt",0
"519",8.6,0.9,1,0,0,1,5,3,3,1,2,2,0,2,2,"wt",0
"520",8.6,1,1,0,0,1,9,4,1,1,2,2,0,2,2,"wt",0
"521",8.6,1.1,1,0,0,1,10,4,1,1,2,2,0,2,2,"wt",0
"522",8.6,1.2,1,0,0,1,31,8,1,1,2,2,0,2,2,"wt",0
"523",8.6,1.3,2,8,4,1,39,8,1,1,3,2,1,6,7," s.sft",2
"524",8.6,1.4,1,8,3,1,39,8,1,1,2,2,1,7,7,"sft",2
"525",8.6,1.5,2,12,3,1,40,8,1,1,3,2,1,6,7," s.sft",2
"526",8.6,1.6,2,8,3,1,35,8,1,1,3,2,1,6,7," s.sft",2
"527",8.6,1.7,1,10,1,1,38,8,1,1,2,2,1,7,8,"sft",1
"528",8.6,1.8,2,12,1,1,39,8,1,1,3,2,1,6,8," s.sft",1
"529",8.6,1.9,1,15,1,1,44,8,1,1,2,2,1,7,8,"sft",1
"530",8.6,2,2,20,1,1,37,8,1,1,3,2,1,6,8," s.sft",1
"531",8.6,2.1,2,24,1,1,38,7,1,1,3,2,1,6,8," s.sft",1
"532",8.6,2.2,2,26,1,1,34,5,1,1,3,2,1,6,8," s.sft",1
"533",8.6,2.3,2,26,1,1,33,6,1,1,3,2,1,6,8," s.sft",1
"534",8.6,2.4,1,30,1,1,30,5,1,1,2,2,1,7,8,"sft",1
"535",8.6,2.5,1,32,1,1,32,5,1,1,2,2,1,7,8,"sft",1
"536",8.6,2.6,2,26,1,1,28,4,1,1,3,2,1,6,8," s.sft",1
"537",8.6,2.7,2,32,1,1,23,4,1,1,3,2,1,6,8," s.sft",1
"538",8.6,2.8,1,30,1,1,22,4,1,1,2,2,1,7,8,"sft",1
"539",8.6,2.9,2,33,1,1,27,5,1,1,3,2,1,6,8," s.sft",1
"540",8.6,3,1,31,1,1,22,4,1,1,2,2,1,7,8,"sft",1
"541",9.1,0.1,1,0,0,1,2,2,2,1,2,2,0,2,2,"wt",0
"542",9.1,0.2,1,0,0,1,2,2,2,1,2,2,0,2,2,"wt",0
"543",9.1,0.3,1,0,0,1,2,2,2,1,2,2,0,2,2,"wt",0
"544",9.1,0.4,1,0,0,1,2,2,2,1,2,2,0,2,2,"wt",0
"545",9.1,0.5,1,0,0,1,2,2,2,1,2,2,0,2,2,"wt",0
"546",9.1,0.6,1,0,0,1,2,2,2,1,2,2,0,2,2,"wt",0
"547",9.1,0.7,1,0,0,1,2,2,2,1,2,2,0,2,2,"wt",0
"548",9.1,0.8,1,0,0,1,5,3,3,1,2,2,0,2,2,"wt",0
"549",9.1,0.9,1,0,0,1,5,3,3,1,2,2,0,2,2,"wt",0
"550",9.1,1,1,0,0,1,5,3,1,1,2,2,0,2,2,"wt",0
"551",9.1,1.1,1,0,0,1,9,4,1,1,2,2,0,2,2,"wt",0
"552",9.1,1.2,1,0,0,1,14,5,1,1,2,2,0,2,2,"wt",0
"553",9.1,1.3,1,6,5,1,36,8,1,1,2,2,1,7,7,"sft",2
"554",9.1,1.4,2,7,4,1,33,8,1,1,3,2,1,6,7," s.sft",2
"555",9.1,1.5,2,9,3,1,36,8,1,1,3,2,1,6,7," s.sft",2
"556",9.1,1.6,2,13,3,1,36,8,1,1,3,2,1,6,7," s.sft",2
"557",9.1,1.7,2,8,3,1,35,8,1,1,3,2,1,6,7," s.sft",2
"558",9.1,1.8,1,15,1,1,35,8,1,1,2,2,1,7,8,"sft",1
"559",9.1,1.9,2,15,1,1,36,8,1,1,3,2,1,6,8," s.sft",1
"560",9.1,2,1,19,1,1,34,8,1,1,2,2,1,7,8,"sft",1
"561",9.1,2.1,2,22,1,1,37,8,1,1,3,2,1,6,8," s.sft",1
"562",9.1,2.2,2,23,1,1,36,6,1,1,3,2,1,6,8," s.sft",1
"563",9.1,2.3,2,23,1,1,34,6,1,1,3,2,1,6,8," s.sft",1
"564",9.1,2.4,2,26,1,1,33,6,1,1,3,2,1,6,8," s.sft",1
"565",9.1,2.5,1,30,1,1,31,6,1,1,2,2,1,7,8,"sft",1
"566",9.1,2.6,1,32,1,1,29,5,1,1,2,2,1,7,8,"sft",1
"567",9.1,2.7,1,29,1,1,25,4,1,1,2,2,1,7,8,"sft",1
"568",9.1,2.8,1,32,1,1,22,4,1,1,2,2,1,7,8,"sft",1
"569",9.1,2.9,2,29,1,1,18,4,1,1,3,2,1,6,8," s.sft",1
"570",9.1,3,2,33,1,1,24,5,1,1,3,2,1,6,8," s.sft",1
"571",9.6,0.1,1,0,0,1,2,2,2,1,2,2,0,2,2,"wt",0
"572",9.6,0.2,1,0,0,1,2,2,2,1,2,2,0,2,2,"wt",0
"573",9.6,0.3,1,0,0,1,2,2,2,1,2,2,0,2,2,"wt",0
"574",9.6,0.4,1,0,0,1,2,2,2,1,2,2,0,2,2,"wt",0
"575",9.6,0.5,1,0,0,1,2,2,2,1,2,2,0,2,2,"wt",0
"576",9.6,0.6,1,0,0,1,2,2,2,1,2,2,0,2,2,"wt",0
"577",9.6,0.7,1,0,0,1,2,2,2,1,2,2,0,2,2,"wt",0
"578",9.6,0.8,1,0,0,1,2,2,2,1,2,2,0,2,2,"wt",0
"579",9.6,0.9,1,0,0,1,5,3,3,1,2,2,0,2,2,"wt",0
"580",9.6,1,1,0,0,1,5,3,3,1,2,2,0,2,2,"wt",0
"581",9.6,1.1,1,0,0,1,5,3,1,1,2,2,0,2,2,"wt",0
"582",9.6,1.2,1,0,0,1,9,4,1,1,2,2,0,2,2,"wt",0
"583",9.6,1.3,1,0,0,1,21,7,1,1,2,2,0,2,2,"wt",0
"584",9.6,1.4,1,5,4,1,35,8,1,1,2,2,1,7,7,"sft",2
"585",9.6,1.5,1,5,3,1,33,8,1,1,2,2,1,7,7,"sft",2
"586",9.6,1.6,1,15,3,1,36,8,1,1,2,2,1,7,7,"sft",2
"587",9.6,1.7,2,16,3,1,35,7,1,1,3,2,1,6,7," s.sft",2
"588",9.6,1.8,1,12,1,1,34,8,1,1,2,2,1,7,8,"sft",1
"589",9.6,1.9,1,17,1,1,37,8,1,1,2,2,1,7,8,"sft",1
"590",9.6,2,1,17,1,1,36,8,1,1,2,2,1,7,8,"sft",1
"591",9.6,2.1,1,21,1,1,35,8,1,1,2,2,1,7,8,"sft",1
"592",9.6,2.2,2,26,1,1,34,6,1,1,3,2,1,6,8," s.sft",1
"593",9.6,2.3,2,23,1,1,35,6,1,1,3,2,1,6,8," s.sft",1
"594",9.6,2.4,2,25,1,1,31,6,1,1,3,2,1,6,8," s.sft",1
"595",9.6,2.5,2,30,1,1,30,6,1,1,3,2,1,6,8," s.sft",1
"596",9.6,2.6,2,31,1,1,30,5,1,1,3,2,1,6,8," s.sft",1
"597",9.6,2.7,1,27,1,1,27,4,1,1,2,2,1,7,8,"sft",1
"598",9.6,2.8,1,32,1,1,21,4,1,1,2,2,1,7,8,"sft",1
"599",9.6,2.9,1,28,1,1,21,4,1,1,2,2,1,7,8,"sft",1
"600",9.6,3,2,30,1,1,16,4,1,1,3,2,1,6,8," s.sft",1
"601",10.1,0.1,1,0,0,1,1,2,2,1,2,2,0,2,2,"wt",0
"602",10.1,0.2,1,0,0,1,1,2,2,1,2,2,0,2,2,"wt",0
"603",10.1,0.3,1,0,0,1,2,2,2,1,2,2,0,2,2,"wt",0
"604",10.1,0.4,1,0,0,1,2,2,2,1,2,2,0,2,2,"wt",0
"605",10.1,0.5,1,0,0,1,2,2,2,1,2,2,0,2,2,"wt",0
"606",10.1,0.6,1,0,0,1,2,2,2,1,2,2,0,2,2,"wt",0
"607",10.1,0.7,1,0,0,1,2,2,2,1,2,2,0,2,2,"wt",0
"608",10.1,0.8,1,0,0,1,2,2,2,1,2,2,0,2,2,"wt",0
"609",10.1,0.9,1,0,0,1,2,2,2,1,2,2,0,2,2,"wt",0
"610",10.1,1,1,0,0,1,5,3,3,1,2,2,0,2,2,"wt",0
"611",10.1,1.1,1,0,0,1,5,3,1,1,2,2,0,2,2,"wt",0
"612",10.1,1.2,1,0,0,1,5,3,1,1,2,2,0,2,2,"wt",0
"613",10.1,1.3,1,0,0,1,9,4,1,1,2,2,0,2,2,"wt",0
"614",10.1,1.4,1,6,5,1,30,8,1,1,2,2,1,7,7,"sft",2
"615",10.1,1.5,2,8,4,1,32,8,1,1,3,2,1,6,7," s.sft",2
"616",10.1,1.6,1,12,3,1,34,8,1,1,2,2,1,7,7,"sft",2
"617",10.1,1.7,2,14,3,1,34,8,1,1,3,2,1,6,7," s.sft",2
"618",10.1,1.8,2,7,3,1,33,8,1,1,3,2,1,6,7," s.sft",2
"619",10.1,1.9,1,16,1,1,32,8,1,1,2,2,1,7,8,"sft",1
"620",10.1,2,2,15,1,1,35,8,1,1,3,2,1,6,8," s.sft",1
"621",10.1,2.1,1,19,1,1,33,8,1,1,2,2,1,7,8,"sft",1
"622",10.1,2.2,1,23,1,1,37,7,1,1,2,2,1,7,8,"sft",1
"623",10.1,2.3,2,21,1,1,35,7,1,1,3,2,1,6,8," s.sft",1
"624",10.1,2.4,1,27,1,1,30,4,1,1,2,2,1,7,8,"sft",1
"625",10.1,2.5,2,28,1,1,31,6,1,1,3,2,1,6,8," s.sft",1
"626",10.1,2.6,1,29,1,1,30,6,1,1,2,2,1,7,8,"sft",1
"627",10.1,2.7,2,32,1,1,27,5,1,1,3,2,1,6,8," s.sft",1
"628",10.1,2.8,1,30,1,1,22,4,1,1,2,2,1,7,8,"sft",1
"629",10.1,2.9,1,27,1,1,21,4,1,1,2,2,1,7,8,"sft",1
"630",10.1,3,1,29,1,1,18,4,1,1,2,2,1,7,8,"sft",1
"631",10.6,0.1,1,0,0,1,1,2,2,1,2,2,0,2,2,"wt",0
"632",10.6,0.2,1,0,0,1,1,2,2,1,2,2,0,2,2,"wt",0
"633",10.6,0.3,1,0,0,1,1,2,2,1,2,2,0,2,2,"wt",0
"634",10.6,0.4,1,0,0,1,1,2,2,1,2,2,0,2,2,"wt",0
"635",10.6,0.5,1,0,0,1,2,2,2,1,2,2,0,2,2,"wt",0
"636",10.6,0.6,1,0,0,1,2,2,2,1,2,2,0,2,2,"wt",0
"637",10.6,0.7,1,0,0,1,2,2,2,1,2,2,0,2,2,"wt",0
"638",10.6,0.8,1,0,0,1,2,2,2,1,2,2,0,2,2,"wt",0
"639",10.6,0.9,1,0,0,1,2,2,2,1,2,2,0,2,2,"wt",0
"640",10.6,1,1,0,0,1,2,2,2,1,2,2,0,2,2,"wt",0
"641",10.6,1.1,1,0,0,1,2,2,2,1,2,2,0,2,2,"wt",0
"642",10.6,1.2,1,0,0,1,5,3,1,1,2,2,0,2,2,"wt",0
"643",10.6,1.3,1,0,0,1,5,3,1,1,2,2,0,2,2,"wt",0
"644",10.6,1.4,1,0,0,1,13,5,1,1,2,2,0,2,2,"wt",0
"645",10.6,1.5,1,8,4,1,32,8,1,1,2,2,1,7,7,"sft",2
"646",10.6,1.6,2,7,3,1,32,8,1,1,3,2,1,6,7," s.sft",2
"647",10.6,1.7,1,15,3,1,34,8,1,1,2,2,1,7,7,"sft",2
"648",10.6,1.8,2,18,3,1,34,6,1,1,3,2,1,6,7," s.sft",2
"649",10.6,1.9,1,12,1,1,34,8,1,1,2,2,1,7,8,"sft",1
"650",10.6,2,1,17,1,1,37,8,1,1,2,2,1,7,8,"sft",1
"651",10.6,2.1,1,15,1,1,32,8,1,1,2,2,1,7,8,"sft",1
"652",10.6,2.2,1,22,1,1,32,8,1,1,2,2,1,7,8,"sft",1
"653",10.6,2.3,1,26,1,1,35,6,1,1,2,2,1,7,8,"sft",1
"654",10.6,2.4,1,26,1,1,30,6,1,1,2,2,1,7,8,"sft",1
"655",10.6,2.5,1,28,1,1,27,5,1,1,2,2,1,7,8,"sft",1
"656",10.6,2.6,1,26,1,1,30,7,1,1,2,2,1,7,8,"sft",1
"657",10.6,2.7,1,30,1,1,28,5,1,1,2,2,1,7,8,"sft",1
"658",10.6,2.8,1,27,1,1,23,4,1,1,2,2,1,7,8,"sft",1
"659",10.6,2.9,1,32,1,1,20,4,1,1,2,2,1,7,8,"sft",1
"660",10.6,3,1,28,1,1,19,4,1,1,2,2,1,7,8,"sft",1
"661",11.1,0.1,1,0,0,1,1,2,2,1,2,2,0,2,2,"wt",0
"662",11.1,0.2,1,0,0,1,1,2,2,1,2,2,0,2,2,"wt",0
"663",11.1,0.3,1,0,0,1,1,2,2,1,2,2,0,2,2,"wt",0
"664",11.1,0.4,1,0,0,1,1,2,2,1,2,2,0,2,2,"wt",0
"665",11.1,0.5,1,0,0,1,1,2,2,1,2,2,0,2,2,"wt",0
"666",11.1,0.6,1,0,0,1,2,2,2,1,2,2,0,2,2,"wt",0
"667",11.1,0.7,1,0,0,1,2,2,2,1,2,2,0,2,2,"wt",0
"668",11.1,0.8,1,0,0,1,2,2,2,1,2,2,0,2,2,"wt",0
"669",11.1,0.9,1,0,0,1,2,2,2,1,2,2,0,2,2,"wt",0
"670",11.1,1,1,0,0,1,2,2,2,1,2,2,0,2,2,"wt",0
"671",11.1,1.1,1,0,0,1,2,2,2,1,2,2,0,2,2,"wt",0
"672",11.1,1.2,1,0,0,1,2,2,1,1,2,2,0,2,2,"wt",0
"673",11.1,1.3,1,0,0,1,5,3,1,1,2,2,0,2,2,"wt",0
"674",11.1,1.4,1,0,0,1,9,4,1,1,2,2,0,2,2,"wt",0
"675",11.1,1.5,1,7,5,1,28,7,1,1,2,2,1,7,7,"sft",2
"676",11.1,1.6,1,12,4,1,31,7,1,1,2,2,1,7,7,"sft",2
"677",11.1,1.7,1,13,3,1,32,8,1,1,2,2,1,7,7,"sft",2
"678",11.1,1.8,1,16,3,1,32,7,1,1,2,2,1,7,7,"sft",2
"679",11.1,1.9,1,19,3,1,28,7,1,1,2,2,1,7,7,"sft",2
"680",11.1,2,1,14,1,1,37,8,1,1,2,2,1,7,8,"sft",1
"681",11.1,2.1,1,17,1,1,31,7,1,1,2,2,1,7,8,"sft",1
"682",11.1,2.2,1,20,1,1,31,8,1,1,2,2,1,7,8,"sft",1
"683",11.1,2.3,1,25,1,1,31,7,1,1,2,2,1,7,8,"sft",1
"684",11.1,2.4,1,24,1,1,30,7,1,1,2,2,1,7,8,"sft",1
"685",11.1,2.5,1,29,1,1,29,4,1,1,2,2,1,7,8,"sft",1
"686",11.1,2.6,1,32,1,1,24,4,1,1,2,2,1,7,8,"sft",1
"687",11.1,2.7,1,29,1,1,28,6,1,1,2,2,1,7,8,"sft",1
"688",11.1,2.8,1,33,1,1,26,5,1,1,2,2,1,7,8,"sft",1
"689",11.1,2.9,1,30,1,1,21,4,1,1,2,2,1,7,8,"sft",1
"690",11.1,3,1,27,1,1,19,4,1,1,2,2,1,7,8,"sft",1
"691",11.6,0.1,1,0,0,1,1,2,2,1,2,2,0,2,2,"wt",0
"692",11.6,0.2,1,0,0,1,1,2,2,1,2,2,0,2,2,"wt",0
"693",11.6,0.3,1,0,0,1,1,2,2,1,2,2,0,2,2,"wt",0
"694",11.6,0.4,1,0,0,1,1,2,2,1,2,2,0,2,2,"wt",0
"695",11.6,0.5,1,0,0,1,1,2,2,1,2,2,0,2,2,"wt",0
"696",11.6,0.6,1,0,0,1,1,2,2,1,2,2,0,2,2,"wt",0
"697",11.6,0.7,1,0,0,1,1,2,2,1,2,2,0,2,2,"wt",0
"698",11.6,0.8,1,0,0,1,2,2,2,1,2,2,0,2,2,"wt",0
"699",11.6,0.9,1,0,0,1,2,2,2,1,2,2,0,2,2,"wt",0
"700",11.6,1,1,0,0,1,2,2,2,1,2,2,0,2,2,"wt",0
"701",11.6,1.1,1,0,0,1,2,2,2,1,2,2,0,2,2,"wt",0
"702",11.6,1.2,1,0,0,1,2,2,2,1,2,2,0,2,2,"wt",0
"703",11.6,1.3,1,0,0,1,4,3,1,1,2,2,0,2,2,"wt",0
"704",11.6,1.4,1,0,0,1,5,3,1,1,2,2,0,2,2,"wt",0
"705",11.6,1.5,1,0,0,1,9,4,1,1,2,2,0,2,2,"wt",0
"706",11.6,1.6,1,10,4,1,29,8,1,1,2,2,1,7,7,"sft",2
"707",11.6,1.7,1,9,3,1,29,8,1,1,2,2,1,7,7,"sft",2
"708",11.6,1.8,1,17,3,1,31,8,1,1,2,2,1,7,7,"sft",2
"709",11.6,1.9,1,16,3,1,31,6,1,1,2,2,1,7,7,"sft",2
"710",11.6,2,1,21,1,1,29,5,1,1,2,2,1,7,8,"sft",1
"711",11.6,2.1,1,19,1,1,33,8,1,1,2,2,1,7,8,"sft",1
"712",11.6,2.2,1,16,1,1,32,8,1,1,2,2,1,7,8,"sft",1
"713",11.6,2.3,1,24,1,1,28,7,1,1,2,2,1,7,8,"sft",1
"714",11.6,2.4,1,25,1,1,30,7,1,1,2,2,1,7,8,"sft",1
"715",11.6,2.5,1,26,1,1,31,5,1,1,2,2,1,7,8,"sft",1
"716",11.6,2.6,1,30,1,1,25,4,1,1,2,2,1,7,8,"sft",1
"717",11.6,2.7,1,31,1,1,22,4,1,1,2,2,1,7,8,"sft",1
"718",11.6,2.8,1,30,1,1,26,6,1,1,2,2,1,7,8,"sft",1
"719",11.6,2.9,1,28,1,1,22,5,1,1,2,2,1,7,8,"sft",1
"720",11.6,3,1,29,1,1,21,5,1,1,2,2,1,7,8,"sft",1
"721",12.1,0.1,1,0,0,1,1,2,2,1,2,2,0,2,2,"wt",0
"722",12.1,0.2,1,0,0,1,1,2,2,1,2,2,0,2,2,"wt",0
"723",12.1,0.3,1,0,0,1,1,2,2,1,2,2,0,2,2,"wt",0
"724",12.1,0.4,1,0,0,1,1,2,2,1,2,2,0,2,2,"wt",0
"725",12.1,0.5,1,0,0,1,1,2,2,1,2,2,0,2,2,"wt",0
"726",12.1,0.6,1,0,0,1,1,2,2,1,2,2,0,2,2,"wt",0
"727",12.1,0.7,1,0,0,1,1,2,2,1,2,2,0,2,2,"wt",0
"728",12.1,0.8,1,0,0,1,1,2,2,1,2,2,0,2,2,"wt",0
"729",12.1,0.9,1,0,0,1,1,2,2,1,2,2,0,2,2,"wt",0
"730",12.1,1,1,0,0,1,2,2,2,1,2,2,0,2,2,"wt",0
"731",12.1,1.1,1,0,0,1,2,2,2,1,2,2,0,2,2,"wt",0
"732",12.1,1.2,1,0,0,1,2,2,2,1,2,2,0,2,2,"wt",0
"733",12.1,1.3,1,0,0,1,2,2,1,1,2,2,0,2,2,"wt",0
"734",12.1,1.4,1,0,0,1,5,3,1,1,2,2,0,2,2,"wt",0
"735",12.1,1.5,1,0,0,1,5,3,1,1,2,2,0,2,2,"wt",0
"736",12.1,1.6,1,6,5,1,29,7,1,1,2,2,1,7,7,"sft",2
"737",12.1,1.7,1,11,4,1,28,7,1,1,2,2,1,7,7,"sft",2
"738",12.1,1.8,1,15,3,1,33,8,1,1,2,2,1,7,7,"sft",2
"739",12.1,1.9,1,17,3,1,32,6,1,1,2,2,1,7,7,"sft",2
"740",12.1,2,1,20,3,1,31,5,1,1,2,2,1,7,7,"sft",2
"741",12.1,2.1,1,18,1,1,28,7,1,1,2,2,1,7,8,"sft",1
"742",12.1,2.2,1,18,1,1,31,7,1,1,2,2,1,7,8,"sft",1
"743",12.1,2.3,1,21,1,1,31,8,1,1,2,2,1,7,8,"sft",1
"744",12.1,2.4,1,27,1,1,29,6,1,1,2,2,1,7,8,"sft",1
"745",12.1,2.5,1,25,1,1,26,7,1,1,2,2,1,7,8,"sft",1
"746",12.1,2.6,1,31,1,1,26,4,1,1,2,2,1,7,8,"sft",1
"747",12.1,2.7,1,30,1,1,23,4,1,1,2,2,1,7,8,"sft",1
"748",12.1,2.8,1,28,1,1,26,6,1,1,2,2,1,7,8,"sft",1
"749",12.1,2.9,1,32,1,1,25,5,1,1,2,2,1,7,8,"sft",1
"750",12.1,3,1,30,1,1,19,4,1,1,2,2,1,7,8,"sft",1
"751",12.6,0.1,1,0,0,1,1,2,2,1,2,2,0,2,2,"wt",0
"752",12.6,0.2,1,0,0,1,1,2,2,1,2,2,0,2,2,"wt",0
"753",12.6,0.3,1,0,0,1,1,2,2,1,2,2,0,2,2,"wt",0
"754",12.6,0.4,1,0,0,1,1,2,2,1,2,2,0,2,2,"wt",0
"755",12.6,0.5,1,0,0,1,1,2,2,1,2,2,0,2,2,"wt",0
"756",12.6,0.6,1,0,0,1,1,2,2,1,2,2,0,2,2,"wt",0
"757",12.6,0.7,1,0,0,1,1,2,2,1,2,2,0,2,2,"wt",0
"758",12.6,0.8,1,0,0,1,1,2,2,1,2,2,0,2,2,"wt",0
"759",12.6,0.9,1,0,0,1,1,2,2,1,2,2,0,2,2,"wt",0
"760",12.6,1,1,0,0,1,1,2,2,1,2,2,0,2,2,"wt",0
"761",12.6,1.1,1,0,0,1,2,2,2,1,2,2,0,2,2,"wt",0
"762",12.6,1.2,1,0,0,1,2,2,2,1,2,2,0,2,2,"wt",0
"763",12.6,1.3,1,0,0,1,2,2,2,1,2,2,0,2,2,"wt",0
"764",12.6,1.4,1,0,0,1,2,2,1,1,2,2,0,2,2,"wt",0
"765",12.6,1.5,1,0,0,1,5,3,1,1,2,2,0,2,2,"wt",0
"766",12.6,1.6,1,0,0,1,9,4,1,1,2,2,0,2,2,"wt",0
"767",12.6,1.7,1,12,4,1,28,8,1,1,2,2,1,7,7,"sft",2
"768",12.6,1.8,1,10,3,1,29,8,1,1,2,2,1,7,7,"sft",2
"769",12.6,1.9,1,19,3,1,30,8,1,1,2,2,1,7,7,"sft",2
"770",12.6,2,1,14,3,1,29,7,1,1,2,2,1,7,7,"sft",2
"771",12.6,2.1,1,23,1,1,25,5,1,1,2,2,1,7,8,"sft",1
"772",12.6,2.2,1,17,1,1,30,8,1,1,2,2,1,7,8,"sft",1
"773",12.6,2.3,1,21,1,1,29,7,1,1,2,2,1,7,8,"sft",1
"774",12.6,2.4,1,24,1,1,30,6,1,1,2,2,1,7,8,"sft",1
"775",12.6,2.5,1,26,1,1,29,7,1,1,2,2,1,7,8,"sft",1
"776",12.6,2.6,1,29,1,1,26,4,1,1,2,2,1,7,8,"sft",1
"777",12.6,2.7,1,28,1,1,25,4,1,1,2,2,1,7,8,"sft",1
"778",12.6,2.8,1,29,1,1,21,4,1,1,2,2,1,7,8,"sft",1
"779",12.6,2.9,1,31,1,1,25,6,1,1,2,2,1,7,8,"sft",1
"780",12.6,3,1,29,1,1,21,5,1,1,2,2,1,7,8,"sft",1
"781",13.1,0.1,1,0,0,1,1,2,2,1,2,2,0,2,2,"wt",0
"782",13.1,0.2,1,0,0,1,1,2,2,1,2,2,0,2,2,"wt",0
"783",13.1,0.3,1,0,0,1,1,2,2,1,2,2,0,2,2,"wt",0
"784",13.1,0.4,1,0,0,1,1,2,2,1,2,2,0,2,2,"wt",0
"785",13.1,0.5,1,0,0,1,1,2,2,1,2,2,0,2,2,"wt",0
"786",13.1,0.6,1,0,0,1,1,2,2,1,2,2,0,2,2,"wt",0
"787",13.1,0.7,1,0,0,1,1,2,2,1,2,2,0,2,2,"wt",0
"788",13.1,0.8,1,0,0,1,1,2,2,1,2,2,0,2,2,"wt",0
"789",13.1,0.9,1,0,0,1,1,2,2,1,2,2,0,2,2,"wt",0
"790",13.1,1,1,0,0,1,1,2,2,1,2,2,0,2,2,"wt",0
"791",13.1,1.1,1,0,0,1,1,2,2,1,2,2,0,2,2,"wt",0
"792",13.1,1.2,1,0,0,1,1,2,2,1,2,2,0,2,2,"wt",0
"793",13.1,1.3,1,0,0,1,2,2,2,1,2,2,0,2,2,"wt",0
"794",13.1,1.4,1,0,0,1,2,2,1,1,2,2,0,2,2,"wt",0
"795",13.1,1.5,1,0,0,1,2,2,1,1,2,2,0,2,2,"wt",0
"796",13.1,1.6,1,0,0,1,5,3,1,1,2,2,0,2,2,"wt",0
"797",13.1,1.7,1,7,5,1,29,7,1,1,2,2,1,7,7,"sft",2
"798",13.1,1.8,1,14,4,1,29,7,1,1,2,2,1,7,7,"sft",2
"799",13.1,1.9,1,11,3,1,31,8,1,1,2,2,1,7,7,"sft",2
"800",13.1,2,1,14,3,1,30,7,1,1,2,2,1,7,7,"sft",2
"801",13.1,2.1,1,22,3,1,25,5,1,1,2,2,1,7,7,"sft",2
"802",13.1,2.2,1,17,1,1,25,5,1,1,2,2,1,7,8,"sft",1
"803",13.1,2.3,1,20,1,1,28,7,1,1,2,2,1,7,8,"sft",1
"804",13.1,2.4,1,22,1,1,29,7,1,1,2,2,1,7,8,"sft",1
"805",13.1,2.5,1,24,1,1,29,7,1,1,2,2,1,7,8,"sft",1
"806",13.1,2.6,1,26,1,1,26,6,1,1,2,2,1,7,8,"sft",1
"807",13.1,2.7,1,29,1,1,24,5,1,1,2,2,1,7,8,"sft",1
"808",13.1,2.8,1,31,1,1,22,4,1,1,2,2,1,7,8,"sft",1
"809",13.1,2.9,1,30,1,1,19,4,1,1,2,2,1,7,8,"sft",1
"810",13.1,3,1,32,1,1,25,5,1,1,2,2,1,7,8,"sft",1
"811",13.6,0.1,1,0,0,1,1,2,2,1,2,2,0,2,2,"wt",0
"812",13.6,0.2,1,0,0,1,1,2,2,1,2,2,0,2,2,"wt",0
"813",13.6,0.3,1,0,0,1,1,2,2,1,2,2,0,2,2,"wt",0
"814",13.6,0.4,1,0,0,1,1,2,2,1,2,2,0,2,2,"wt",0
"815",13.6,0.5,1,0,0,1,1,2,2,1,2,2,0,2,2,"wt",0
"816",13.6,0.6,1,0,0,1,1,2,2,1,2,2,0,2,2,"wt",0
"817",13.6,0.7,1,0,0,1,1,2,2,1,2,2,0,2,2,"wt",0
"818",13.6,0.8,1,0,0,1,1,2,2,1,2,2,0,2,2,"wt",0
"819",13.6,0.9,1,0,0,1,1,2,2,1,2,2,0,2,2,"wt",0
"820",13.6,1,1,0,0,1,1,2,2,1,2,2,0,2,2,"wt",0
"821",13.6,1.1,1,0,0,1,1,2,2,1,2,2,0,2,2,"wt",0
"822",13.6,1.2,1,0,0,1,1,2,2,1,2,2,0,2,2,"wt",0
"823",13.6,1.3,1,0,0,1,1,2,2,1,2,2,0,2,2,"wt",0
"824",13.6,1.4,1,0,0,1,1,2,2,1,2,2,0,2,2,"wt",0
"825",13.6,1.5,1,0,0,1,2,2,1,1,2,2,0,2,2,"wt",0
"826",13.6,1.6,1,0,0,1,2,2,1,1,2,2,0,2,2,"wt",0
"827",13.6,1.7,1,0,0,1,5,3,1,1,2,2,0,2,2,"wt",0
"828",13.6,1.8,1,12,4,1,29,7,1,1,2,2,1,7,7,"sft",2
"829",13.6,1.9,1,11,3,1,30,8,1,1,2,2,1,7,7,"sft",2
"830",13.6,2,1,20,3,1,28,6,1,1,2,2,1,7,7,"sft",2
"831",13.6,2.1,1,18,3,1,27,7,1,1,2,2,1,7,7,"sft",2
"832",13.6,2.2,1,19,1,1,27,7,1,1,2,2,1,7,8,"sft",1
"833",13.6,2.3,1,23,1,1,23,5,1,1,2,2,1,7,8,"sft",1
"834",13.6,2.4,1,23,1,1,27,7,1,1,2,2,1,7,8,"sft",1
"835",13.6,2.5,1,22,1,1,28,7,1,1,2,2,1,7,8,"sft",1
"836",13.6,2.6,1,27,1,1,27,7,1,1,2,2,1,7,8,"sft",1
"837",13.6,2.7,1,31,1,1,24,4,1,1,2,2,1,7,8,"sft",1
"838",13.6,2.8,1,29,1,1,21,4,1,1,2,2,1,7,8,"sft",1
"839",13.6,2.9,1,29,1,1,20,4,1,1,2,2,1,7,8,"sft",1
"840",13.6,3,1,29,1,1,19,4,1,1,2,2,1,7,8,"sft",1
"841",14.1,0.1,1,0,0,1,1,2,2,1,2,2,0,2,2,"wt",0
"842",14.1,0.2,1,0,0,1,1,2,2,1,2,2,0,2,2,"wt",0
"843",14.1,0.3,1,0,0,1,1,2,2,1,2,2,0,2,2,"wt",0
"844",14.1,0.4,1,0,0,1,1,2,2,1,2,2,0,2,2,"wt",0
"845",14.1,0.5,1,0,0,1,1,2,2,1,2,2,0,2,2,"wt",0
"846",14.1,0.6,1,0,0,1,1,2,2,1,2,2,0,2,2,"wt",0
"847",14.1,0.7,1,0,0,1,1,2,2,1,2,2,0,2,2,"wt",0
"848",14.1,0.8,1,0,0,1,1,2,2,1,2,2,0,2,2,"wt",0
"849",14.1,0.9,1,0,0,1,1,2,2,1,2,2,0,2,2,"wt",0
"850",14.1,1,1,0,0,1,1,2,2,1,2,2,0,2,2,"wt",0
"851",14.1,1.1,1,0,0,1,1,2,2,1,2,2,0,2,2,"wt",0
"852",14.1,1.2,1,0,0,1,1,2,2,1,2,2,0,2,2,"wt",0
"853",14.1,1.3,1,0,0,1,1,2,2,1,2,2,0,2,2,"wt",0
"854",14.1,1.4,1,0,0,1,1,2,2,1,2,2,0,2,2,"wt",0
"855",14.1,1.5,1,0,0,1,1,2,2,1,2,2,0,2,2,"wt",0
"856",14.1,1.6,1,0,0,1,2,2,1,1,2,2,0,2,2,"wt",0
"857",14.1,1.7,1,0,0,1,4,3,1,1,2,2,0,2,2,"wt",0
"858",14.1,1.8,1,10,6,1,26,8,1,1,2,2,1,7,7,"sft",2
"859",14.1,1.9,1,18,4,1,22,6,1,1,2,2,1,7,7,"sft",2
"860",14.1,2,1,15,3,1,27,8,1,1,2,2,1,7,7,"sft",2
"861",14.1,2.1,1,15,3,1,28,7,1,1,2,2,1,7,7,"sft",2
"862",14.1,2.2,1,24,3,1,21,5,1,1,2,2,1,7,7,"sft",2
"863",14.1,2.3,1,20,1,1,25,5,1,1,2,2,1,7,8,"sft",1
"864",14.1,2.4,1,22,1,1,19,5,1,1,2,2,1,7,8,"sft",1
"865",14.1,2.5,1,20,1,1,32,6,1,1,2,2,1,7,8,"sft",1
"866",14.1,2.6,1,26,1,1,27,7,1,1,2,2,1,7,8,"sft",1
"867",14.1,2.7,1,27,1,1,25,5,1,1,2,2,1,7,8,"sft",1
"868",14.1,2.8,1,26,1,1,25,5,1,1,2,2,1,7,8,"sft",1
"869",14.1,2.9,1,32,1,1,18,4,1,1,2,2,1,7,8,"sft",1
"870",14.1,3,1,31,1,1,17,4,1,1,2,2,1,7,8,"sft",1
"871",14.6,0.1,1,0,0,1,1,2,2,1,2,2,0,2,2,"wt",0
"872",14.6,0.2,1,0,0,1,1,2,2,1,2,2,0,2,2,"wt",0
"873",14.6,0.3,1,0,0,1,1,2,2,1,2,2,0,2,2,"wt",0
"874",14.6,0.4,1,0,0,1,1,2,2,1,2,2,0,2,2,"wt",0
"875",14.6,0.5,1,0,0,1,1,2,2,1,2,2,0,2,2,"wt",0
"876",14.6,0.6,1,0,0,1,1,2,2,1,2,2,0,2,2,"wt",0
"877",14.6,0.7,1,0,0,1,1,2,2,1,2,2,0,2,2,"wt",0
"878",14.6,0.8,1,0,0,1,1,2,2,1,2,2,0,2,2,"wt",0
"879",14.6,0.9,1,0,0,1,1,2,2,1,2,2,0,2,2,"wt",0
"880",14.6,1,1,0,0,1,1,2,2,1,2,2,0,2,2,"wt",0
"881",14.6,1.1,1,0,0,1,1,2,2,1,2,2,0,2,2,"wt",0
"882",14.6,1.2,1,0,0,1,1,2,2,1,2,2,0,2,2,"wt",0
"883",14.6,1.3,1,0,0,1,1,2,2,1,2,2,0,2,2,"wt",0
"884",14.6,1.4,1,0,0,1,1,2,2,1,2,2,0,2,2,"wt",0
"885",14.6,1.5,1,0,0,1,1,2,2,1,2,2,0,2,2,"wt",0
"886",14.6,1.6,1,0,0,1,1,2,1,1,2,2,0,2,2,"wt",0
"887",14.6,1.7,1,0,0,1,2,2,1,1,2,2,0,2,2,"wt",0
"888",14.6,1.8,1,0,0,1,5,3,1,1,2,2,0,2,2,"wt",0
"889",14.6,1.9,1,12,4,1,27,7,1,1,2,2,1,7,7,"sft",2
"890",14.6,2,1,12,3,1,31,8,1,1,2,2,1,7,7,"sft",2
"891",14.6,2.1,1,21,3,1,28,5,1,1,2,2,1,7,7,"sft",2
"892",14.6,2.2,1,21,3,1,25,6,1,1,2,2,1,7,7,"sft",2
"893",14.6,2.3,1,19,3,1,20,5,1,1,2,2,1,7,7,"sft",2
"894",14.6,2.4,1,22,1,1,18,5,1,1,2,2,1,7,8,"sft",1
"895",14.6,2.5,1,23,1,1,26,6,1,1,2,2,1,7,8,"sft",1
"896",14.6,2.6,1,23,1,1,27,7,1,1,2,2,1,7,8,"sft",1
"897",14.6,2.7,1,28,1,1,26,7,1,1,2,2,1,7,8,"sft",1
"898",14.6,2.8,1,32,1,1,23,4,1,1,2,2,1,7,8,"sft",1
"899",14.6,2.9,1,31,1,1,18,4,1,1,2,2,1,7,8,"sft",1
"900",14.6,3,1,30,1,1,17,4,1,1,2,2,1,7,8,"sft",1
"901",15.1,0.1,1,0,0,1,1,2,2,1,2,2,0,2,2,"wt",0
"902",15.1,0.2,1,0,0,1,1,2,2,1,2,2,0,2,2,"wt",0
"903",15.1,0.3,1,0,0,1,1,2,2,1,2,2,0,2,2,"wt",0
"904",15.1,0.4,1,0,0,1,1,2,2,1,2,2,0,2,2,"wt",0
"905",15.1,0.5,1,0,0,1,1,2,2,1,2,2,0,2,2,"wt",0
"906",15.1,0.6,1,0,0,1,1,2,2,1,2,2,0,2,2,"wt",0
"907",15.1,0.7,1,0,0,1,1,2,2,1,2,2,0,2,2,"wt",0
"908",15.1,0.8,1,0,0,1,1,2,2,1,2,2,0,2,2,"wt",0
"909",15.1,0.9,1,0,0,1,1,2,2,1,2,2,0,2,2,"wt",0
"910",15.1,1,1,0,0,1,1,2,2,1,2,2,0,2,2,"wt",0
"911",15.1,1.1,1,0,0,1,1,2,2,1,2,2,0,2,2,"wt",0
"912",15.1,1.2,1,0,0,1,1,2,2,1,2,2,0,2,2,"wt",0
"913",15.1,1.3,1,0,0,1,1,2,2,1,2,2,0,2,2,"wt",0
"914",15.1,1.4,1,0,0,1,1,2,2,1,2,2,0,2,2,"wt",0
"915",15.1,1.5,1,0,0,1,1,2,2,1,2,2,0,2,2,"wt",0
"916",15.1,1.6,1,0,0,1,1,2,2,1,2,2,0,2,2,"wt",0
"917",15.1,1.7,1,0,0,1,1,2,1,1,2,2,0,2,2,"wt",0
"918",15.1,1.8,1,0,0,1,2,2,1,1,2,2,0,2,2,"wt",0
"919",15.1,1.9,1,7,7,1,24,7,1,1,2,2,1,7,7,"sft",2
"920",15.1,2,1,19,4,1,23,6,1,1,2,2,1,7,7,"sft",2
"921",15.1,2.1,1,17,3,1,28,7,1,1,2,2,1,7,7,"sft",2
"922",15.1,2.2,1,19,3,1,25,7,1,1,2,2,1,7,7,"sft",2
"923",15.1,2.3,1,23,3,1,19,5,1,1,2,2,1,7,7,"sft",2
"924",15.1,2.4,1,23,1,1,19,5,1,1,2,2,1,7,8,"sft",1
"925",15.1,2.5,1,21,1,1,15,4,1,1,2,2,1,7,8,"sft",1
"926",15.1,2.6,1,22,1,1,26,6,1,1,2,2,1,7,8,"sft",1
"927",15.1,2.7,1,27,1,1,26,6,1,1,2,2,1,7,8,"sft",1
"928",15.1,2.8,1,29,1,1,24,5,1,1,2,2,1,7,8,"sft",1
"929",15.1,2.9,1,28,1,1,22,5,1,1,2,2,1,7,8,"sft",1
"930",15.1,3,1,29,1,1,18,4,1,1,2,2,1,7,8,"sft",1
"931",15.6,0.1,1,0,0,1,1,2,2,1,2,2,0,2,2,"wt",0
"932",15.6,0.2,1,0,0,1,1,2,2,1,2,2,0,2,2,"wt",0
"933",15.6,0.3,1,0,0,1,1,2,2,1,2,2,0,2,2,"wt",0
"934",15.6,0.4,1,0,0,1,1,2,2,1,2,2,0,2,2,"wt",0
"935",15.6,0.5,1,0,0,1,1,2,2,1,2,2,0,2,2,"wt",0
"936",15.6,0.6,1,0,0,1,1,2,2,1,2,2,0,2,2,"wt",0
"937",15.6,0.7,1,0,0,1,1,2,2,1,2,2,0,2,2,"wt",0
"938",15.6,0.8,1,0,0,1,1,2,2,1,2,2,0,2,2,"wt",0
"939",15.6,0.9,1,0,0,1,1,2,2,1,2,2,0,2,2,"wt",0
"940",15.6,1,1,0,0,1,1,2,2,1,2,2,0,2,2,"wt",0
"941",15.6,1.1,1,0,0,1,1,2,2,1,2,2,0,2,2,"wt",0
"942",15.6,1.2,1,0,0,1,1,2,2,1,2,2,0,2,2,"wt",0
"943",15.6,1.3,1,0,0,1,1,2,2,1,2,2,0,2,2,"wt",0
"944",15.6,1.4,1,0,0,1,1,2,2,1,2,2,0,2,2,"wt",0
"945",15.6,1.5,1,0,0,1,1,2,2,1,2,2,0,2,2,"wt",0
"946",15.6,1.6,1,0,0,1,1,2,2,1,2,2,0,2,2,"wt",0
"947",15.6,1.7,1,0,0,1,1,2,1,1,2,2,0,2,2,"wt",0
"948",15.6,1.8,1,0,0,1,1,2,1,1,2,2,0,2,2,"wt",0
"949",15.6,1.9,1,0,0,1,2,2,1,1,2,2,0,2,2,"wt",0
"950",15.6,2,1,12,4,1,26,7,1,1,2,2,1,7,7,"sft",2
"951",15.6,2.1,1,15,3,1,22,6,1,1,2,2,1,7,7,"sft",2
"952",15.6,2.2,1,23,3,1,24,5,1,1,2,2,1,7,7,"sft",2
"953",15.6,2.3,1,22,3,1,25,5,1,1,2,2,1,7,7,"sft",2
"954",15.6,2.4,1,20,3,1,23,5,1,1,2,2,1,7,7,"sft",2
"955",15.6,2.5,1,21,1,1,14,5,1,1,2,2,1,7,8,"sft",1
"956",15.6,2.6,1,22,1,1,20,4,1,1,2,2,1,7,8,"sft",1
"957",15.6,2.7,1,24,1,1,26,7,1,1,2,2,1,7,8,"sft",1
"958",15.6,2.8,1,28,1,1,26,6,1,1,2,2,1,7,8,"sft",1
"959",15.6,2.9,1,29,1,1,23,4,1,1,2,2,1,7,8,"sft",1
"960",15.6,3,1,31,1,1,17,4,1,1,2,2,1,7,8,"sft",1
"961",16.1,0.1,1,0,0,1,1,2,2,1,2,2,0,2,2,"wt",0
"962",16.1,0.2,1,0,0,1,1,2,2,1,2,2,0,2,2,"wt",0
"963",16.1,0.3,1,0,0,1,1,2,2,1,2,2,0,2,2,"wt",0
"964",16.1,0.4,1,0,0,1,1,2,2,1,2,2,0,2,2,"wt",0
"965",16.1,0.5,1,0,0,1,1,2,2,1,2,2,0,2,2,"wt",0
"966",16.1,0.6,1,0,0,1,1,2,2,1,2,2,0,2,2,"wt",0
"967",16.1,0.7,1,0,0,1,1,2,2,1,2,2,0,2,2,"wt",0
"968",16.1,0.8,1,0,0,1,1,2,2,1,2,2,0,2,2,"wt",0
"969",16.1,0.9,1,0,0,1,1,2,2,1,2,2,0,2,2,"wt",0
"970",16.1,1,1,0,0,1,1,2,2,1,2,2,0,2,2,"wt",0
"971",16.1,1.1,1,0,0,1,1,2,2,1,2,2,0,2,2,"wt",0
"972",16.1,1.2,1,0,0,1,1,2,2,1,2,2,0,2,2,"wt",0
"973",16.1,1.3,1,0,0,1,1,2,2,1,2,2,0,2,2,"wt",0
"974",16.1,1.4,1,0,0,1,1,2,2,1,2,2,0,2,2,"wt",0
"975",16.1,1.5,1,0,0,1,1,2,2,1,2,2,0,2,2,"wt",0
"976",16.1,1.6,1,0,0,1,1,2,2,1,2,2,0,2,2,"wt",0
"977",16.1,1.7,1,0,0,1,1,2,2,1,2,2,0,2,2,"wt",0
"978",16.1,1.8,1,0,0,1,1,2,1,1,2,2,0,2,2,"wt",0
"979",16.1,1.9,1,0,0,1,1,2,1,1,2,2,0,2,2,"wt",0
"980",16.1,2,1,0,0,1,5,3,1,1,2,2,0,2,2,"wt",0
"981",16.1,2.1,1,19,4,1,22,6,1,1,2,2,1,7,7,"sft",2
"982",16.1,2.2,1,19,3,1,25,7,1,1,2,2,1,7,7,"sft",2
"983",16.1,2.3,1,18,3,1,23,6,1,1,2,2,1,7,7,"sft",2
"984",16.1,2.4,1,23,3,1,17,5,1,1,2,2,1,7,7,"sft",2
"985",16.1,2.5,1,22,1,1,16,5,1,1,2,2,1,7,8,"sft",1
"986",16.1,2.6,1,21,1,1,13,3,1,1,2,2,1,7,8,"sft",1
"987",16.1,2.7,1,23,1,1,23,6,1,1,2,2,1,7,8,"sft",1
"988",16.1,2.8,1,29,1,1,24,6,1,1,2,2,1,7,8,"sft",1
"989",16.1,2.9,1,27,1,1,24,6,1,1,2,2,1,7,8,"sft",1
"990",16.1,3,1,29,1,1,20,5,1,1,2,2,1,7,8,"sft",1
"991",16.6,0.1,1,0,0,1,1,2,2,1,2,2,0,2,2,"wt",0
"992",16.6,0.2,1,0,0,1,1,2,2,1,2,2,0,2,2,"wt",0
"993",16.6,0.3,1,0,0,1,1,2,2,1,2,2,0,2,2,"wt",0
"994",16.6,0.4,1,0,0,1,1,2,2,1,2,2,0,2,2,"wt",0
"995",16.6,0.5,1,0,0,1,1,2,2,1,2,2,0,2,2,"wt",0
"996",16.6,0.6,1,0,0,1,1,2,2,1,2,2,0,2,2,"wt",0
"997",16.6,0.7,1,0,0,1,1,2,2,1,2,2,0,2,2,"wt",0
"998",16.6,0.8,1,0,0,1,1,2,2,1,2,2,0,2,2,"wt",0
"999",16.6,0.9,1,0,0,1,1,2,2,1,2,2,0,2,2,"wt",0
"1000",16.6,1,1,0,0,1,1,2,2,1,2,2,0,2,2,"wt",0
"1001",16.6,1.1,1,0,0,1,1,2,2,1,2,2,0,2,2,"wt",0
"1002",16.6,1.2,1,0,0,1,1,2,2,1,2,2,0,2,2,"wt",0
"1003",16.6,1.3,1,0,0,1,1,2,2,1,2,2,0,2,2,"wt",0
"1004",16.6,1.4,1,0,0,1,1,2,2,1,2,2,0,2,2,"wt",0
"1005",16.6,1.5,1,0,0,1,1,2,2,1,2,2,0,2,2,"wt",0
"1006",16.6,1.6,1,0,0,1,1,2,2,1,2,2,0,2,2,"wt",0
"1007",16.6,1.7,1,0,0,1,1,2,2,1,2,2,0,2,2,"wt",0
"1008",16.6,1.8,1,0,0,1,1,2,1,1,2,2,0,2,2,"wt",0
"1009",16.6,1.9,1,0,0,1,1,2,1,1,2,2,0,2,2,"wt",0
"1010",16.6,2,1,0,0,1,1,2,1,1,2,2,0,2,2,"wt",0
"1011",16.6,2.1,1,13,4,1,24,7,1,1,2,2,1,7,7,"sft",2
"1012",16.6,2.2,1,18,3,1,19,6,1,1,2,2,1,7,7,"sft",2
"1013",16.6,2.3,1,21,3,1,24,5,1,1,2,2,1,7,7,"sft",2
"1014",16.6,2.4,1,22,3,1,21,5,1,1,2,2,1,7,7,"sft",2
"1015",16.6,2.5,1,23,3,1,17,5,1,1,2,2,1,7,7,"sft",2
"1016",16.6,2.6,1,21,1,1,13,4,1,1,2,2,1,7,8,"sft",1
"1017",16.6,2.7,1,21,1,1,15,4,1,1,2,2,1,7,8,"sft",1
"1018",16.6,2.8,1,27,1,1,23,6,1,1,2,2,1,7,8,"sft",1
"1019",16.6,2.9,1,31,1,1,23,5,1,1,2,2,1,7,8,"sft",1
"1020",16.6,3,1,30,1,1,20,4,1,1,2,2,1,7,8,"sft",1
"1021",17.1,0.1,0,0,0,2,0,1,1,0,1,1,0,1,1,"tmf",0
"1022",17.1,0.2,0,0,0,2,0,1,1,0,1,1,0,1,1,"tmf",0
"1023",17.1,0.3,0,0,0,2,0,1,1,0,1,1,0,1,1,"tmf",0
"1024",17.1,0.4,0,0,0,2,0,1,1,0,1,1,0,1,1,"tmf",0
"1025",17.1,0.5,0,0,0,2,0,1,1,0,1,1,0,1,1,"tmf",0
"1026",17.1,0.6,0,0,0,2,0,1,1,0,1,1,0,1,1,"tmf",0
"1027",17.1,0.7,0,0,0,2,0,1,1,0,1,1,0,1,1,"tmf",0
"1028",17.1,0.8,0,0,0,2,0,1,1,0,1,1,0,1,1,"tmf",0
"1029",17.1,0.9,0,0,0,2,0,1,1,0,1,1,0,1,1,"tmf",0
"1030",17.1,1,0,0,0,2,0,1,1,0,1,1,0,1,1,"tmf",0
"1031",17.1,1.1,0,0,0,2,0,1,1,0,1,1,0,1,1,"tmf",0
"1032",17.1,1.2,0,0,0,2,0,1,1,0,1,1,0,1,1,"tmf",0
"1033",17.1,1.3,0,0,0,2,0,1,1,0,1,1,0,1,1,"tmf",0
"1034",17.1,1.4,0,0,0,2,0,1,1,0,1,1,0,1,1,"tmf",0
"1035",17.1,1.5,0,0,0,2,0,1,1,0,1,1,0,1,1,"tmf",0
"1036",17.1,1.6,0,0,0,2,0,1,1,0,1,1,0,1,1,"tmf",0
"1037",17.1,1.7,0,0,0,2,0,1,1,0,1,1,0,1,1,"tmf",0
"1038",17.1,1.8,0,0,0,2,0,1,1,0,1,1,0,1,1,"tmf",0
"1039",17.1,1.9,0,0,0,2,0,1,1,0,1,1,0,1,1,"tmf",0
"1040",17.1,2,0,0,0,2,0,1,1,0,1,1,0,1,1,"tmf",0
"1041",17.1,2.1,0,0,0,2,0,1,1,0,1,1,0,1,1,"tmf",0
"1042",17.1,2.2,0,0,0,2,0,1,1,0,1,1,0,1,1,"tmf",0
"1043",17.1,2.3,0,0,0,2,0,1,1,0,1,1,0,1,1,"tmf",0
"1044",17.1,2.4,0,0,0,2,0,1,1,0,1,1,0,1,1,"tmf",0
"1045",17.1,2.5,0,0,0,2,0,1,1,0,1,1,0,1,1,"tmf",0
"1046",17.1,2.6,0,0,0,2,0,1,1,0,1,1,0,1,1,"tmf",0
"1047",17.1,2.7,0,0,0,2,0,1,1,0,1,1,0,1,1,"tmf",0
"1048",17.1,2.8,0,0,0,2,0,1,1,0,1,1,0,1,1,"tmf",0
"1049",17.1,2.9,0,0,0,2,0,1,1,0,1,1,0,1,1,"tmf",0
"1050",17.1,3,0,0,0,2,0,1,1,0,1,1,0,1,1,"tmf",0
"1051",17.6,0.1,0,0,0,2,0,1,1,0,1,1,0,1,1,"tmf",0
"1052",17.6,0.2,0,0,0,2,0,1,1,0,1,1,0,1,1,"tmf",0
"1053",17.6,0.3,0,0,0,2,0,1,1,0,1,1,0,1,1,"tmf",0
"1054",17.6,0.4,0,0,0,2,0,1,1,0,1,1,0,1,1,"tmf",0
"1055",17.6,0.5,0,0,0,2,0,1,1,0,1,1,0,1,1,"tmf",0
"1056",17.6,0.6,0,0,0,2,0,1,1,0,1,1,0,1,1,"tmf",0
"1057",17.6,0.7,0,0,0,2,0,1,1,0,1,1,0,1,1,"tmf",0
"1058",17.6,0.8,0,0,0,2,0,1,1,0,1,1,0,1,1,"tmf",0
"1059",17.6,0.9,0,0,0,2,0,1,1,0,1,1,0,1,1,"tmf",0
"1060",17.6,1,0,0,0,2,0,1,1,0,1,1,0,1,1,"tmf",0
"1061",17.6,1.1,0,0,0,2,0,1,1,0,1,1,0,1,1,"tmf",0
"1062",17.6,1.2,0,0,0,2,0,1,1,0,1,1,0,1,1,"tmf",0
"1063",17.6,1.3,0,0,0,2,0,1,1,0,1,1,0,1,1,"tmf",0
"1064",17.6,1.4,0,0,0,2,0,1,1,0,1,1,0,1,1,"tmf",0
"1065",17.6,1.5,0,0,0,2,0,1,1,0,1,1,0,1,1,"tmf",0
"1066",17.6,1.6,0,0,0,2,0,1,1,0,1,1,0,1,1,"tmf",0
"1067",17.6,1.7,0,0,0,2,0,1,1,0,1,1,0,1,1,"tmf",0
"1068",17.6,1.8,0,0,0,2,0,1,1,0,1,1,0,1,1,"tmf",0
"1069",17.6,1.9,0,0,0,2,0,1,1,0,1,1,0,1,1,"tmf",0
"1070",17.6,2,0,0,0,2,0,1,1,0,1,1,0,1,1,"tmf",0
"1071",17.6,2.1,0,0,0,2,0,1,1,0,1,1,0,1,1,"tmf",0
"1072",17.6,2.2,0,0,0,2,0,1,1,0,1,1,0,1,1,"tmf",0
"1073",17.6,2.3,0,0,0,2,0,1,1,0,1,1,0,1,1,"tmf",0
"1074",17.6,2.4,0,0,0,2,0,1,1,0,1,1,0,1,1,"tmf",0
"1075",17.6,2.5,0,0,0,2,0,1,1,0,1,1,0,1,1,"tmf",0
"1076",17.6,2.6,0,0,0,2,0,1,1,0,1,1,0,1,1,"tmf",0
"1077",17.6,2.7,0,0,0,2,0,1,1,0,1,1,0,1,1,"tmf",0
"1078",17.6,2.8,0,0,0,2,0,1,1,0,1,1,0,1,1,"tmf",0
"1079",17.6,2.9,0,0,0,2,0,1,1,0,1,1,0,1,1,"tmf",0
"1080",17.6,3,0,0,0,2,0,1,1,0,1,1,0,1,1,"tmf",0
"1081",18.1,0.1,0,0,0,2,0,1,1,0,1,1,0,1,1,"tmf",0
"1082",18.1,0.2,0,0,0,2,0,1,1,0,1,1,0,1,1,"tmf",0
"1083",18.1,0.3,0,0,0,2,0,1,1,0,1,1,0,1,1,"tmf",0
"1084",18.1,0.4,0,0,0,2,0,1,1,0,1,1,0,1,1,"tmf",0
"1085",18.1,0.5,0,0,0,2,0,1,1,0,1,1,0,1,1,"tmf",0
"1086",18.1,0.6,0,0,0,2,0,1,1,0,1,1,0,1,1,"tmf",0
"1087",18.1,0.7,0,0,0,2,0,1,1,0,1,1,0,1,1,"tmf",0
"1088",18.1,0.8,0,0,0,2,0,1,1,0,1,1,0,1,1,"tmf",0
"1089",18.1,0.9,0,0,0,2,0,1,1,0,1,1,0,1,1,"tmf",0
"1090",18.1,1,0,0,0,2,0,1,1,0,1,1,0,1,1,"tmf",0
"1091",18.1,1.1,0,0,0,2,0,1,1,0,1,1,0,1,1,"tmf",0
"1092",18.1,1.2,0,0,0,2,0,1,1,0,1,1,0,1,1,"tmf",0
"1093",18.1,1.3,0,0,0,2,0,1,1,0,1,1,0,1,1,"tmf",0
"1094",18.1,1.4,0,0,0,2,0,1,1,0,1,1,0,1,1,"tmf",0
"1095",18.1,1.5,0,0,0,2,0,1,1,0,1,1,0,1,1,"tmf",0
"1096",18.1,1.6,0,0,0,2,0,1,1,0,1,1,0,1,1,"tmf",0
"1097",18.1,1.7,0,0,0,2,0,1,1,0,1,1,0,1,1,"tmf",0
"1098",18.1,1.8,0,0,0,2,0,1,1,0,1,1,0,1,1,"tmf",0
"1099",18.1,1.9,0,0,0,2,0,1,1,0,1,1,0,1,1,"tmf",0
"1100",18.1,2,0,0,0,2,0,1,1,0,1,1,0,1,1,"tmf",0
"1101",18.1,2.1,0,0,0,2,0,1,1,0,1,1,0,1,1,"tmf",0
"1102",18.1,2.2,0,0,0,2,0,1,1,0,1,1,0,1,1,"tmf",0
"1103",18.1,2.3,0,0,0,2,0,1,1,0,1,1,0,1,1,"tmf",0
"1104",18.1,2.4,0,0,0,2,0,1,1,0,1,1,0,1,1,"tmf",0
"1105",18.1,2.5,0,0,0,2,0,1,1,0,1,1,0,1,1,"tmf",0
"1106",18.1,2.6,0,0,0,2,0,1,1,0,1,1,0,1,1,"tmf",0
"1107",18.1,2.7,0,0,0,2,0,1,1,0,1,1,0,1,1,"tmf",0
"1108",18.1,2.8,0,0,0,2,0,1,1,0,1,1,0,1,1,"tmf",0
"1109",18.1,2.9,0,0,0,2,0,1,1,0,1,1,0,1,1,"tmf",0
"1110",18.1,3,0,0,0,2,0,1,1,0,1,1,0,1,1,"tmf",0
"1111",18.6,0.1,0,0,0,2,0,1,1,0,1,1,0,1,1,"tmf",0
"1112",18.6,0.2,0,0,0,2,0,1,1,0,1,1,0,1,1,"tmf",0
"1113",18.6,0.3,0,0,0,2,0,1,1,0,1,1,0,1,1,"tmf",0
"1114",18.6,0.4,0,0,0,2,0,1,1,0,1,1,0,1,1,"tmf",0
"1115",18.6,0.5,0,0,0,2,0,1,1,0,1,1,0,1,1,"tmf",0
"1116",18.6,0.6,0,0,0,2,0,1,1,0,1,1,0,1,1,"tmf",0
"1117",18.6,0.7,0,0,0,2,0,1,1,0,1,1,0,1,1,"tmf",0
"1118",18.6,0.8,0,0,0,2,0,1,1,0,1,1,0,1,1,"tmf",0
"1119",18.6,0.9,0,0,0,2,0,1,1,0,1,1,0,1,1,"tmf",0
"1120",18.6,1,0,0,0,2,0,1,1,0,1,1,0,1,1,"tmf",0
"1121",18.6,1.1,0,0,0,2,0,1,1,0,1,1,0,1,1,"tmf",0
"1122",18.6,1.2,0,0,0,2,0,1,1,0,1,1,0,1,1,"tmf",0
"1123",18.6,1.3,0,0,0,2,0,1,1,0,1,1,0,1,1,"tmf",0
"1124",18.6,1.4,0,0,0,2,0,1,1,0,1,1,0,1,1,"tmf",0
"1125",18.6,1.5,0,0,0,2,0,1,1,0,1,1,0,1,1,"tmf",0
"1126",18.6,1.6,0,0,0,2,0,1,1,0,1,1,0,1,1,"tmf",0
"1127",18.6,1.7,0,0,0,2,0,1,1,0,1,1,0,1,1,"tmf",0
"1128",18.6,1.8,0,0,0,2,0,1,1,0,1,1,0,1,1,"tmf",0
"1129",18.6,1.9,0,0,0,2,0,1,1,0,1,1,0,1,1,"tmf",0
"1130",18.6,2,0,0,0,2,0,1,1,0,1,1,0,1,1,"tmf",0
"1131",18.6,2.1,0,0,0,2,0,1,1,0,1,1,0,1,1,"tmf",0
"1132",18.6,2.2,0,0,0,2,0,1,1,0,1,1,0,1,1,"tmf",0
"1133",18.6,2.3,0,0,0,2,0,1,1,0,1,1,0,1,1,"tmf",0
"1134",18.6,2.4,0,0,0,2,0,1,1,0,1,1,0,1,1,"tmf",0
"1135",18.6,2.5,0,0,0,2,0,1,1,0,1,1,0,1,1,"tmf",0
"1136",18.6,2.6,0,0,0,2,0,1,1,0,1,1,0,1,1,"tmf",0
"1137",18.6,2.7,0,0,0,2,0,1,1,0,1,1,0,1,1,"tmf",0
"1138",18.6,2.8,0,0,0,2,0,1,1,0,1,1,0,1,1,"tmf",0
"1139",18.6,2.9,0,0,0,2,0,1,1,0,1,1,0,1,1,"tmf",0
"1140",18.6,3,0,0,0,2,0,1,1,0,1,1,0,1,1,"tmf",0
"1141",19.1,0.1,0,0,0,2,0,1,1,0,1,1,0,1,1,"tmf",0
"1142",19.1,0.2,0,0,0,2,0,1,1,0,1,1,0,1,1,"tmf",0
"1143",19.1,0.3,0,0,0,2,0,1,1,0,1,1,0,1,1,"tmf",0
"1144",19.1,0.4,0,0,0,2,0,1,1,0,1,1,0,1,1,"tmf",0
"1145",19.1,0.5,0,0,0,2,0,1,1,0,1,1,0,1,1,"tmf",0
"1146",19.1,0.6,0,0,0,2,0,1,1,0,1,1,0,1,1,"tmf",0
"1147",19.1,0.7,0,0,0,2,0,1,1,0,1,1,0,1,1,"tmf",0
"1148",19.1,0.8,0,0,0,2,0,1,1,0,1,1,0,1,1,"tmf",0
"1149",19.1,0.9,0,0,0,2,0,1,1,0,1,1,0,1,1,"tmf",0
"1150",19.1,1,0,0,0,2,0,1,1,0,1,1,0,1,1,"tmf",0
"1151",19.1,1.1,0,0,0,2,0,1,1,0,1,1,0,1,1,"tmf",0
"1152",19.1,1.2,0,0,0,2,0,1,1,0,1,1,0,1,1,"tmf",0
"1153",19.1,1.3,0,0,0,2,0,1,1,0,1,1,0,1,1,"tmf",0
"1154",19.1,1.4,0,0,0,2,0,1,1,0,1,1,0,1,1,"tmf",0
"1155",19.1,1.5,0,0,0,2,0,1,1,0,1,1,0,1,1,"tmf",0
"1156",19.1,1.6,0,0,0,2,0,1,1,0,1,1,0,1,1,"tmf",0
"1157",19.1,1.7,0,0,0,2,0,1,1,0,1,1,0,1,1,"tmf",0
"1158",19.1,1.8,0,0,0,2,0,1,1,0,1,1,0,1,1,"tmf",0
"1159",19.1,1.9,0,0,0,2,0,1,1,0,1,1,0,1,1,"tmf",0
"1160",19.1,2,0,0,0,2,0,1,1,0,1,1,0,1,1,"tmf",0
"1161",19.1,2.1,0,0,0,2,0,1,1,0,1,1,0,1,1,"tmf",0
"1162",19.1,2.2,0,0,0,2,0,1,1,0,1,1,0,1,1,"tmf",0
"1163",19.1,2.3,0,0,0,2,0,1,1,0,1,1,0,1,1,"tmf",0
"1164",19.1,2.4,0,0,0,2,0,1,1,0,1,1,0,1,1,"tmf",0
"1165",19.1,2.5,0,0,0,2,0,1,1,0,1,1,0,1,1,"tmf",0
"1166",19.1,2.6,0,0,0,2,0,1,1,0,1,1,0,1,1,"tmf",0
"1167",19.1,2.7,0,0,0,2,0,1,1,0,1,1,0,1,1,"tmf",0
"1168",19.1,2.8,0,0,0,2,0,1,1,0,1,1,0,1,1,"tmf",0
"1169",19.1,2.9,0,0,0,2,0,1,1,0,1,1,0,1,1,"tmf",0
"1170",19.1,3,0,0,0,2,0,1,1,0,1,1,0,1,1,"tmf",0
"1171",19.6,0.1,0,0,0,2,0,1,1,0,1,1,0,1,1,"tmf",0
"1172",19.6,0.2,0,0,0,2,0,1,1,0,1,1,0,1,1,"tmf",0
"1173",19.6,0.3,0,0,0,2,0,1,1,0,1,1,0,1,1,"tmf",0
"1174",19.6,0.4,0,0,0,2,0,1,1,0,1,1,0,1,1,"tmf",0
"1175",19.6,0.5,0,0,0,2,0,1,1,0,1,1,0,1,1,"tmf",0
"1176",19.6,0.6,0,0,0,2,0,1,1,0,1,1,0,1,1,"tmf",0
"1177",19.6,0.7,0,0,0,2,0,1,1,0,1,1,0,1,1,"tmf",0
"1178",19.6,0.8,0,0,0,2,0,1,1,0,1,1,0,1,1,"tmf",0
"1179",19.6,0.9,0,0,0,2,0,1,1,0,1,1,0,1,1,"tmf",0
"1180",19.6,1,0,0,0,2,0,1,1,0,1,1,0,1,1,"tmf",0
"1181",19.6,1.1,0,0,0,2,0,1,1,0,1,1,0,1,1,"tmf",0
"1182",19.6,1.2,0,0,0,2,0,1,1,0,1,1,0,1,1,"tmf",0
"1183",19.6,1.3,0,0,0,2,0,1,1,0,1,1,0,1,1,"tmf",0
"1184",19.6,1.4,0,0,0,2,0,1,1,0,1,1,0,1,1,"tmf",0
"1185",19.6,1.5,0,0,0,2,0,1,1,0,1,1,0,1,1,"tmf",0
"1186",19.6,1.6,0,0,0,2,0,1,1,0,1,1,0,1,1,"tmf",0
"1187",19.6,1.7,0,0,0,2,0,1,1,0,1,1,0,1,1,"tmf",0
"1188",19.6,1.8,0,0,0,2,0,1,1,0,1,1,0,1,1,"tmf",0
"1189",19.6,1.9,0,0,0,2,0,1,1,0,1,1,0,1,1,"tmf",0
"1190",19.6,2,0,0,0,2,0,1,1,0,1,1,0,1,1,"tmf",0
"1191",19.6,2.1,0,0,0,2,0,1,1,0,1,1,0,1,1,"tmf",0
"1192",19.6,2.2,0,0,0,2,0,1,1,0,1,1,0,1,1,"tmf",0
"1193",19.6,2.3,0,0,0,2,0,1,1,0,1,1,0,1,1,"tmf",0
"1194",19.6,2.4,0,0,0,2,0,1,1,0,1,1,0,1,1,"tmf",0
"1195",19.6,2.5,0,0,0,2,0,1,1,0,1,1,0,1,1,"tmf",0
"1196",19.6,2.6,0,0,0,2,0,1,1,0,1,1,0,1,1,"tmf",0
"1197",19.6,2.7,0,0,0,2,0,1,1,0,1,1,0,1,1,"tmf",0
"1198",19.6,2.8,0,0,0,2,0,1,1,0,1,1,0,1,1,"tmf",0
"1199",19.6,2.9,0,0,0,2,0,1,1,0,1,1,0,1,1,"tmf",0
"1200",19.6,3,0,0,0,2,0,1,1,0,1,1,0,1,1,"tmf",0
