"","deveg","reveg","branching","sympodial","sympodial.node","flower","im","flo.count","branched","symped","ratio","ratio.class","type","name"
"1",0.1,0.1,12,0,0,0,76,1,4,0,1,0,6,"an"
"2",0.1,0.2,12,0,0,0,76,1,4,0,1,0,6,"an"
"3",0.1,0.3,12,0,0,0,76,1,4,0,1,0,6,"an"
"4",0.1,0.4,12,0,0,0,76,1,4,0,1,0,6,"an"
"5",0.1,0.5,12,0,0,0,76,1,4,0,1,0,6,"an"
"6",0.1,0.6,12,0,0,0,76,1,4,0,1,0,6,"an"
"7",0.1,0.7,12,0,0,0,76,1,4,0,1,0,6,"an"
"8",0.1,0.8,12,1,16,0,75,1,4,1,1,0,7,"fa"
"9",0.1,0.9,12,6,7,0,70,1,4,1,1,0,7,"fa"
"10",0.1,1,12,7,7,0,69,1,4,1,1,0,7,"fa"
"11",0.1,1.1,12,54,5,0,21,1,4,1,4,2,7,"fa"
"12",0.1,1.2,12,73,5,0,0,1,4,1,15,2,7,"fa"
"13",0.1,1.3,12,73,5,0,0,1,4,1,15,2,7,"fa"
"14",0.1,1.4,12,73,5,0,0,1,4,1,15,2,7,"fa"
"15",0.1,1.5,12,71,5,0,0,1,4,1,15,2,7,"fa"
"16",0.1,1.6,12,70,5,0,0,1,4,1,15,2,7,"fa"
"17",0.1,1.7,12,67,4,0,0,1,4,1,15,2,7,"fa"
"18",0.1,1.8,12,66,4,0,0,1,4,1,15,2,7,"fa"
"19",0.1,1.9,12,64,4,0,0,1,4,1,15,2,7,"fa"
"20",0.1,2,12,64,4,0,0,1,4,1,15,2,7,"fa"
"21",0.1,2.1,12,62,4,0,0,1,4,1,15,2,7,"fa"
"22",0.1,2.2,12,61,4,0,0,1,4,1,15,2,7,"fa"
"23",0.1,2.3,12,59,4,0,0,1,4,1,15,2,7,"fa"
"24",0.1,2.4,12,55,4,0,0,1,4,1,15,2,7,"fa"
"25",0.1,2.5,12,55,4,0,0,1,4,1,15,2,7,"fa"
"26",0.1,2.6,12,55,4,0,0,1,4,1,15,2,7,"fa"
"27",0.1,2.7,12,54,4,0,0,1,4,1,15,2,7,"fa"
"28",0.1,2.8,12,53,4,0,0,1,4,1,15,2,7,"fa"
"29",0.1,2.9,12,49,4,0,0,1,4,1,15,2,7,"fa"
"30",0.1,3,12,46,4,0,0,1,4,1,15,2,7,"fa"
"31",0.6,0.1,12,0,0,0,76,1,4,0,1,0,6,"an"
"32",0.6,0.2,12,0,0,0,76,1,4,0,1,0,6,"an"
"33",0.6,0.3,12,0,0,0,76,1,4,0,1,0,6,"an"
"34",0.6,0.4,12,0,0,0,76,1,4,0,1,0,6,"an"
"35",0.6,0.5,12,0,0,0,76,1,4,0,1,0,6,"an"
"36",0.6,0.6,12,0,0,0,76,1,4,0,1,0,6,"an"
"37",0.6,0.7,12,0,0,0,76,1,4,0,1,0,6,"an"
"38",0.6,0.8,12,0,0,0,76,1,4,0,1,0,6,"an"
"39",0.6,0.9,12,3,8,0,73,1,4,1,1,0,7,"fa"
"40",0.6,1,12,6,7,0,70,1,4,1,1,0,7,"fa"
"41",0.6,1.1,12,14,6,0,61,1,4,1,1,0,7,"fa"
"42",0.6,1.2,12,23,6,0,52,1,4,1,1,0,7,"fa"
"43",0.6,1.3,12,28,5,0,45,1,4,1,2,1,7,"fa"
"44",0.6,1.4,12,36,5,0,37,1,4,1,2,1,7,"fa"
"45",0.6,1.5,12,45,5,0,27,1,4,1,3,2,7,"fa"
"46",0.6,1.6,12,52,5,0,18,1,4,1,4,2,7,"fa"
"47",0.6,1.7,12,59,5,0,11,1,4,1,6,2,7,"fa"
"48",0.6,1.8,12,62,4,0,7,1,4,1,10,2,7,"fa"
"49",0.6,1.9,12,62,4,0,4,1,4,1,15,2,7,"fa"
"50",0.6,2,12,62,4,0,3,1,4,1,15,2,7,"fa"
"51",0.6,2.1,12,61,4,0,2,1,4,1,15,2,7,"fa"
"52",0.6,2.2,12,60,4,0,1,1,4,1,15,2,7,"fa"
"53",0.6,2.3,12,61,4,0,0,1,4,1,15,2,7,"fa"
"54",0.6,2.4,12,59,4,0,0,1,4,1,15,2,7,"fa"
"55",0.6,2.5,12,58,4,0,0,1,4,1,15,2,7,"fa"
"56",0.6,2.6,12,57,4,0,0,1,4,1,15,2,7,"fa"
"57",0.6,2.7,12,55,4,0,0,1,4,1,15,2,7,"fa"
"58",0.6,2.8,12,53,4,0,0,1,4,1,15,2,7,"fa"
"59",0.6,2.9,12,51,4,0,0,1,4,1,15,2,7,"fa"
"60",0.6,3,12,50,4,0,0,1,4,1,15,2,7,"fa"
"61",1.1,0.1,8,0,0,0,52,1,4,0,1,0,6,"an"
"62",1.1,0.2,8,0,0,0,57,1,4,0,1,0,6,"an"
"63",1.1,0.3,8,0,0,0,60,1,4,0,1,0,6,"an"
"64",1.1,0.4,8,0,0,0,60,1,4,0,1,0,6,"an"
"65",1.1,0.5,9,0,0,0,64,1,4,0,1,0,6,"an"
"66",1.1,0.6,9,0,0,0,65,1,4,0,1,0,6,"an"
"67",1.1,0.7,9,0,0,0,67,1,4,0,1,0,6,"an"
"68",1.1,0.8,9,0,0,0,67,1,4,0,1,0,6,"an"
"69",1.1,0.9,9,3,8,0,65,1,4,1,1,0,7,"fa"
"70",1.1,1,9,5,8,0,64,1,4,1,1,0,7,"fa"
"71",1.1,1.1,9,9,7,0,59,1,4,1,1,0,7,"fa"
"72",1.1,1.2,9,16,6,0,52,1,4,1,1,0,7,"fa"
"73",1.1,1.3,9,17,6,0,51,1,4,1,1,0,7,"fa"
"74",1.1,1.4,9,22,6,0,46,1,4,1,1,0,7,"fa"
"75",1.1,1.5,9,27,5,0,41,1,4,1,2,1,7,"fa"
"76",1.1,1.6,9,30,5,0,36,1,4,1,2,1,7,"fa"
"77",1.1,1.7,9,36,5,0,29,1,4,1,2,1,7,"fa"
"78",1.1,1.8,8,40,4,0,24,1,4,1,3,2,7,"fa"
"79",1.1,1.9,9,43,4,0,20,1,4,1,3,2,7,"fa"
"80",1.1,2,9,46,4,0,16,1,4,1,4,2,7,"fa"
"81",1.1,2.1,9,51,4,0,11,1,4,1,6,2,7,"fa"
"82",1.1,2.2,8,53,4,0,7,1,4,1,9,2,7,"fa"
"83",1.1,2.3,8,53,4,0,5,1,4,1,12,2,7,"fa"
"84",1.1,2.4,8,54,4,0,3,1,4,1,15,2,7,"fa"
"85",1.1,2.5,8,53,4,0,2,1,4,1,15,2,7,"fa"
"86",1.1,2.6,8,54,4,0,0,1,4,1,15,2,7,"fa"
"87",1.1,2.7,8,53,4,0,0,1,4,1,15,2,7,"fa"
"88",1.1,2.8,8,51,4,0,0,1,4,1,15,2,7,"fa"
"89",1.1,2.9,8,51,4,0,0,1,4,1,15,2,7,"fa"
"90",1.1,3,8,47,4,0,0,1,4,1,15,2,7,"fa"
"91",1.6,0.1,6,0,0,0,30,1,4,0,1,0,6,"an"
"92",1.6,0.2,6,0,0,0,33,1,4,0,1,0,6,"an"
"93",1.6,0.3,6,0,0,0,39,1,4,0,1,0,6,"an"
"94",1.6,0.4,6,0,0,0,41,1,4,0,1,0,6,"an"
"95",1.6,0.5,6,0,0,0,42,1,4,0,1,0,6,"an"
"96",1.6,0.6,6,0,0,0,44,1,4,0,1,0,6,"an"
"97",1.6,0.7,6,0,0,0,44,1,4,0,1,0,6,"an"
"98",1.6,0.8,6,0,0,0,45,1,4,0,1,0,6,"an"
"99",1.6,0.9,6,2,8,0,45,1,4,1,1,0,7,"fa"
"100",1.6,1,6,4,8,0,45,1,4,1,1,0,7,"fa"
"101",1.6,1.1,6,6,7,0,44,1,4,1,1,0,7,"fa"
"102",1.6,1.2,6,11,6,0,40,1,4,1,1,0,7,"fa"
"103",1.6,1.3,6,12,6,0,38,1,4,1,1,0,7,"fa"
"104",1.6,1.4,6,16,6,0,35,1,4,1,1,0,7,"fa"
"105",1.6,1.5,6,19,6,0,32,1,4,1,2,1,7,"fa"
"106",1.6,1.6,6,22,6,0,30,1,4,1,2,1,7,"fa"
"107",1.6,1.7,6,24,6,0,28,1,4,1,2,1,7,"fa"
"108",1.6,1.8,6,29,5,0,24,1,4,1,2,1,7,"fa"
"109",1.6,1.9,6,31,4,0,22,1,4,1,2,1,7,"fa"
"110",1.6,2,6,35,4,0,18,1,4,1,3,2,7,"fa"
"111",1.6,2.1,6,38,4,0,14,1,4,1,4,2,7,"fa"
"112",1.6,2.2,6,41,4,0,10,1,4,1,5,2,7,"fa"
"113",1.6,2.3,6,43,4,0,8,1,4,1,6,2,7,"fa"
"114",1.6,2.4,6,44,4,0,5,1,4,1,10,2,7,"fa"
"115",1.6,2.5,6,45,4,0,4,1,4,1,12,2,7,"fa"
"116",1.6,2.6,6,47,4,0,3,1,4,1,15,2,7,"fa"
"117",1.6,2.7,6,47,4,0,2,1,4,1,15,2,7,"fa"
"118",1.6,2.8,6,48,4,0,0,1,4,1,15,2,7,"fa"
"119",1.6,2.9,6,49,4,0,0,1,4,1,15,2,7,"fa"
"120",1.6,3,6,46,4,0,0,1,4,1,15,2,7,"fa"
"121",2.1,0.1,4,0,0,1,19,9,3,0,1,0,5,"s"
"122",2.1,0.2,4,0,0,1,21,9,3,0,1,0,5,"s"
"123",2.1,0.3,4,0,0,1,24,8,3,0,1,0,5,"s"
"124",2.1,0.4,4,0,0,1,25,6,3,0,1,0,5,"s"
"125",2.1,0.5,4,0,0,1,28,5,3,0,1,0,5,"s"
"126",2.1,0.6,5,0,0,1,31,5,4,0,1,0,4,"s.sft"
"127",2.1,0.7,5,0,0,1,32,5,4,0,1,0,4,"s.sft"
"128",2.1,0.8,5,0,0,1,33,4,4,0,1,0,4,"s.sft"
"129",2.1,0.9,5,2,8,1,32,3,4,1,1,0,4,"s.sft"
"130",2.1,1,5,3,8,1,33,3,4,1,1,0,4,"s.sft"
"131",2.1,1.1,5,5,8,1,31,3,4,1,1,0,4,"s.sft"
"132",2.1,1.2,5,8,7,2,30,2,4,1,1,0,4,"s.sft"
"133",2.1,1.3,5,9,6,2,28,2,4,1,1,0,4,"s.sft"
"134",2.1,1.4,5,12,6,2,27,2,4,1,1,0,4,"s.sft"
"135",2.1,1.5,5,15,6,2,23,2,4,1,2,1,4,"s.sft"
"136",2.1,1.6,5,17,6,2,21,2,4,1,2,1,4,"s.sft"
"137",2.1,1.7,5,20,6,2,20,2,4,1,2,1,4,"s.sft"
"138",2.1,1.8,5,22,6,2,18,2,4,1,2,1,4,"s.sft"
"139",2.1,1.9,5,24,5,2,16,2,4,1,3,2,4,"s.sft"
"140",2.1,2,5,28,4,2,14,2,4,1,3,2,4,"s.sft"
"141",2.1,2.1,5,30,4,2,13,2,4,1,3,2,4,"s.sft"
"142",2.1,2.2,5,33,4,2,9,2,4,1,5,2,4,"s.sft"
"143",2.1,2.3,5,33,4,2,9,2,4,1,5,2,4,"s.sft"
"144",2.1,2.4,5,37,4,2,5,2,4,1,8,2,4,"s.sft"
"145",2.1,2.5,5,38,4,2,2,2,4,1,15,2,4,"s.sft"
"146",2.1,2.6,5,38,4,2,2,2,4,1,15,2,4,"s.sft"
"147",2.1,2.7,5,39,4,2,1,2,4,1,15,2,4,"s.sft"
"148",2.1,2.8,5,39,4,2,0,2,4,1,15,2,4,"s.sft"
"149",2.1,2.9,5,37,4,2,0,2,4,1,15,2,4,"s.sft"
"150",2.1,3,5,36,4,2,0,2,4,1,15,2,4,"s.sft"
"151",2.6,0.1,4,0,0,1,12,9,3,0,1,0,5,"s"
"152",2.6,0.2,4,0,0,1,13,9,3,0,1,0,5,"s"
"153",2.6,0.3,4,0,0,1,17,9,3,0,1,0,5,"s"
"154",2.6,0.4,4,0,0,1,17,9,3,0,1,0,5,"s"
"155",2.6,0.5,4,0,0,1,21,9,3,0,1,0,5,"s"
"156",2.6,0.6,4,0,0,1,24,9,3,0,1,0,5,"s"
"157",2.6,0.7,4,0,0,1,24,9,3,0,1,0,5,"s"
"158",2.6,0.8,4,0,0,1,25,8,3,0,1,0,5,"s"
"159",2.6,0.9,4,1,16,1,26,8,3,1,1,0,4," s.sft"
"160",2.6,1,4,2,8,1,28,8,3,1,1,0,4," s.sft"
"161",2.6,1.1,4,5,8,1,25,7,3,1,1,0,4," s.sft"
"162",2.6,1.2,4,7,7,1,24,6,3,1,1,0,4," s.sft"
"163",2.6,1.3,4,11,6,1,23,5,3,1,1,0,4," s.sft"
"164",2.6,1.4,4,9,6,1,21,6,3,1,1,0,4," s.sft"
"165",2.6,1.5,4,13,6,1,19,6,3,1,2,1,4," s.sft"
"166",2.6,1.6,4,13,6,1,20,6,3,1,2,1,4," s.sft"
"167",2.6,1.7,4,16,6,1,17,6,3,1,2,1,4," s.sft"
"168",2.6,1.8,4,17,6,1,16,5,3,1,2,1,4," s.sft"
"169",2.6,1.9,4,20,6,1,14,5,3,1,2,1,4," s.sft"
"170",2.6,2,4,21,5,1,13,4,3,1,3,2,4," s.sft"
"171",2.6,2.1,4,25,5,1,10,4,3,1,3,2,4," s.sft"
"172",2.6,2.2,4,26,5,1,11,3,3,1,3,2,4," s.sft"
"173",2.6,2.3,4,29,4,1,7,3,3,1,5,2,4," s.sft"
"174",2.6,2.4,4,31,4,2,5,2,3,1,7,2,4,"s.sft"
"175",2.6,2.5,4,31,4,2,5,2,3,1,7,2,4,"s.sft"
"176",2.6,2.6,4,33,4,2,3,2,3,1,12,2,4,"s.sft"
"177",2.6,2.7,4,34,4,2,1,2,3,1,15,2,4,"s.sft"
"178",2.6,2.8,4,34,4,2,0,2,3,1,15,2,4,"s.sft"
"179",2.6,2.9,4,34,4,2,0,2,3,1,15,2,4,"s.sft"
"180",2.6,3,4,33,4,2,0,2,3,1,15,2,4,"s.sft"
"181",3.1,0.1,3,0,0,1,5,9,3,0,1,0,5,"s"
"182",3.1,0.2,3,0,0,1,8,9,3,0,1,0,5,"s"
"183",3.1,0.3,3,0,0,1,11,9,3,0,1,0,5,"s"
"184",3.1,0.4,3,0,0,1,12,9,3,0,1,0,5,"s"
"185",3.1,0.5,3,0,0,1,16,9,3,0,1,0,5,"s"
"186",3.1,0.6,3,0,0,1,16,9,3,0,1,0,5,"s"
"187",3.1,0.7,3,0,0,1,17,9,3,0,1,0,5,"s"
"188",3.1,0.8,4,0,0,1,19,9,3,0,1,0,5,"s"
"189",3.1,0.9,3,1,15,1,21,9,3,1,1,0,4," s.sft"
"190",3.1,1,4,2,8,1,21,9,3,1,1,0,4," s.sft"
"191",3.1,1.1,4,4,8,1,21,8,3,1,1,0,4," s.sft"
"192",3.1,1.2,4,6,8,1,20,8,3,1,1,0,4," s.sft"
"193",3.1,1.3,3,8,7,1,19,8,3,1,1,0,4," s.sft"
"194",3.1,1.4,3,9,6,1,15,9,3,1,2,1,4," s.sft"
"195",3.1,1.5,4,9,6,1,19,9,3,1,1,0,4," s.sft"
"196",3.1,1.6,4,15,6,1,15,6,3,1,2,1,4," s.sft"
"197",3.1,1.7,4,13,6,1,15,5,3,1,2,1,4," s.sft"
"198",3.1,1.8,4,17,6,1,13,5,3,1,2,1,4," s.sft"
"199",3.1,1.9,3,20,6,1,12,5,3,1,3,2,4," s.sft"
"200",3.1,2,3,20,5,1,8,5,3,1,3,2,4," s.sft"
"201",3.1,2.1,3,21,5,1,8,5,3,1,4,2,4," s.sft"
"202",3.1,2.2,4,25,5,1,7,5,3,1,5,2,4," s.sft"
"203",3.1,2.3,4,25,5,1,7,5,3,1,5,2,4," s.sft"
"204",3.1,2.4,3,27,5,1,6,5,3,1,5,2,4," s.sft"
"205",3.1,2.5,3,29,4,1,4,5,3,1,8,2,4," s.sft"
"206",3.1,2.6,3,29,4,1,0,5,3,1,15,2,4," s.sft"
"207",3.1,2.7,4,31,4,1,1,5,3,1,15,2,4," s.sft"
"208",3.1,2.8,3,31,4,1,0,5,3,1,15,2,4," s.sft"
"209",3.1,2.9,4,32,4,1,0,5,3,1,15,2,4," s.sft"
"210",3.1,3,3,32,4,1,0,5,3,1,15,2,4," s.sft"
"211",3.6,0.1,3,0,0,1,4,9,3,0,1,0,5,"s"
"212",3.6,0.2,3,0,0,1,4,9,3,0,1,0,5,"s"
"213",3.6,0.3,3,0,0,1,6,9,3,0,1,0,5,"s"
"214",3.6,0.4,3,0,0,1,9,9,3,0,1,0,5,"s"
"215",3.6,0.5,3,0,0,1,9,9,3,0,1,0,5,"s"
"216",3.6,0.6,3,0,0,1,9,9,3,0,1,0,5,"s"
"217",3.6,0.7,3,0,0,1,16,9,3,0,1,0,5,"s"
"218",3.6,0.8,3,0,0,1,16,9,3,0,1,0,5,"s"
"219",3.6,0.9,3,1,15,1,15,9,3,1,1,0,4," s.sft"
"220",3.6,1,3,2,8,1,17,9,3,1,1,0,4," s.sft"
"221",3.6,1.1,3,3,8,1,17,9,3,1,1,0,4," s.sft"
"222",3.6,1.2,3,5,8,1,15,9,3,1,1,0,4," s.sft"
"223",3.6,1.3,3,6,8,1,15,8,3,1,1,0,4," s.sft"
"224",3.6,1.4,3,9,6,1,15,9,3,1,2,1,4," s.sft"
"225",3.6,1.5,3,9,6,1,15,9,3,1,2,1,4," s.sft"
"226",3.6,1.6,3,12,6,1,12,9,3,1,2,1,4," s.sft"
"227",3.6,1.7,3,14,6,1,12,9,3,1,2,1,4," s.sft"
"228",3.6,1.8,3,14,6,1,11,9,3,1,2,1,4," s.sft"
"229",3.6,1.9,3,17,6,1,8,7,3,1,3,2,4," s.sft"
"230",3.6,2,3,17,6,1,13,5,3,1,2,1,4," s.sft"
"231",3.6,2.1,3,20,5,1,8,5,3,1,3,2,4," s.sft"
"232",3.6,2.2,3,22,5,1,6,5,3,1,5,2,4," s.sft"
"233",3.6,2.3,3,22,5,1,6,5,3,1,5,2,4," s.sft"
"234",3.6,2.4,3,25,5,1,3,5,3,1,9,2,4," s.sft"
"235",3.6,2.5,3,27,5,1,2,5,3,1,15,2,4," s.sft"
"236",3.6,2.6,3,26,5,1,3,5,3,1,10,2,4," s.sft"
"237",3.6,2.7,3,26,5,1,2,5,3,1,14,2,4," s.sft"
"238",3.6,2.8,3,29,4,1,0,5,3,1,15,2,4," s.sft"
"239",3.6,2.9,3,30,4,1,0,5,3,1,15,2,4," s.sft"
"240",3.6,3,3,29,4,1,0,5,3,1,15,2,4," s.sft"
"241",4.1,0.1,2,0,0,1,1,6,3,0,1,0,5,"s"
"242",4.1,0.2,2,0,0,1,3,8,3,0,1,0,5,"s"
"243",4.1,0.3,2,0,0,1,3,8,3,0,1,0,5,"s"
"244",4.1,0.4,2,0,0,1,4,9,3,0,1,0,5,"s"
"245",4.1,0.5,2,0,0,1,7,9,3,0,1,0,5,"s"
"246",4.1,0.6,2,0,0,1,9,9,3,0,1,0,5,"s"
"247",4.1,0.7,2,0,0,1,9,9,3,0,1,0,5,"s"
"248",4.1,0.8,3,0,0,1,11,9,3,0,1,0,5,"s"
"249",4.1,0.9,3,0,0,1,14,9,3,0,1,0,5,"s"
"250",4.1,1,3,2,7,1,13,9,3,1,1,0,4," s.sft"
"251",4.1,1.1,3,3,7,1,13,9,3,1,1,0,4," s.sft"
"252",4.1,1.2,3,2,7,1,17,9,3,1,1,0,4," s.sft"
"253",4.1,1.3,3,6,7,1,14,9,3,1,1,0,4," s.sft"
"254",4.1,1.4,2,6,7,1,13,9,3,1,1,0,4," s.sft"
"255",4.1,1.5,3,10,5,1,8,9,3,1,2,1,4," s.sft"
"256",4.1,1.6,3,10,5,1,12,9,3,1,2,1,4," s.sft"
"257",4.1,1.7,3,14,5,1,9,9,3,1,3,2,4," s.sft"
"258",4.1,1.8,3,13,5,1,9,9,3,1,2,1,4," s.sft"
"259",4.1,1.9,3,18,5,1,8,9,3,1,3,2,4," s.sft"
"260",4.1,2,3,18,5,1,7,9,3,1,4,2,4," s.sft"
"261",4.1,2.1,2,16,4,1,6,9,3,1,4,2,4," s.sft"
"262",4.1,2.2,3,21,4,1,3,6,3,1,8,2,4," s.sft"
"263",4.1,2.3,3,21,4,1,5,4,3,1,5,2,4," s.sft"
"264",4.1,2.4,3,23,4,1,3,4,3,1,9,2,4," s.sft"
"265",4.1,2.5,3,24,4,1,3,4,3,1,9,2,4," s.sft"
"266",4.1,2.6,3,27,4,1,0,4,3,1,15,2,4," s.sft"
"267",4.1,2.7,3,24,4,1,1,4,3,1,15,2,4," s.sft"
"268",4.1,2.8,3,26,4,1,0,4,3,1,15,2,4," s.sft"
"269",4.1,2.9,3,26,4,1,0,4,3,1,15,2,4," s.sft"
"270",4.1,3,3,27,4,1,0,4,3,1,15,2,4," s.sft"
"271",4.6,0.1,2,0,0,1,0,5,3,0,NA,0,5,"s"
"272",4.6,0.2,2,0,0,1,1,6,3,0,1,0,5,"s"
"273",4.6,0.3,2,0,0,1,1,6,3,0,1,0,5,"s"
"274",4.6,0.4,2,0,0,1,2,7,3,0,1,0,5,"s"
"275",4.6,0.5,2,0,0,1,4,9,3,0,1,0,5,"s"
"276",4.6,0.6,2,0,0,1,5,9,3,0,1,0,5,"s"
"277",4.6,0.7,2,0,0,1,9,9,3,0,1,0,5,"s"
"278",4.6,0.8,2,0,0,1,9,9,3,0,1,0,5,"s"
"279",4.6,0.9,3,0,0,1,10,9,3,0,1,0,5,"s"
"280",4.6,1,3,1,11,1,12,9,3,1,1,0,4," s.sft"
"281",4.6,1.1,3,2,7,1,13,9,3,1,1,0,4," s.sft"
"282",4.6,1.2,3,2,7,1,12,9,3,1,1,0,4," s.sft"
"283",4.6,1.3,3,6,7,1,11,9,3,1,2,1,4," s.sft"
"284",4.6,1.4,3,5,7,1,14,9,3,1,1,0,4," s.sft"
"285",4.6,1.5,2,6,5,1,11,9,3,1,2,1,4," s.sft"
"286",4.6,1.6,3,10,5,1,8,9,3,1,2,1,4," s.sft"
"287",4.6,1.7,3,11,5,1,9,9,3,1,2,1,4," s.sft"
"288",4.6,1.8,3,12,5,1,8,9,3,1,3,2,4," s.sft"
"289",4.6,1.9,3,14,5,1,7,9,3,1,3,2,4," s.sft"
"290",4.6,2,3,17,5,1,6,9,3,1,4,2,4," s.sft"
"291",4.6,2.1,3,18,5,1,6,9,3,1,4,2,4," s.sft"
"292",4.6,2.2,3,18,4,1,5,9,3,1,5,2,4," s.sft"
"293",4.6,2.3,3,20,4,1,4,8,3,1,6,2,4," s.sft"
"294",4.6,2.4,3,22,4,1,3,6,3,1,8,2,4," s.sft"
"295",4.6,2.5,3,22,4,1,2,4,3,1,12,2,4," s.sft"
"296",4.6,2.6,2,23,4,1,1,4,3,1,15,2,4," s.sft"
"297",4.6,2.7,3,24,4,1,2,4,3,1,13,2,4," s.sft"
"298",4.6,2.8,3,24,4,1,0,4,3,1,15,2,4," s.sft"
"299",4.6,2.9,3,25,4,1,0,4,3,1,15,2,4," s.sft"
"300",4.6,3,2,23,4,1,0,4,3,1,15,2,4," s.sft"
"301",5.1,0.1,2,0,0,1,0,5,3,0,NA,0,5,"s"
"302",5.1,0.2,2,0,0,1,0,5,3,0,NA,0,5,"s"
"303",5.1,0.3,2,0,0,1,0,5,3,0,NA,0,5,"s"
"304",5.1,0.4,2,0,0,1,1,6,3,0,1,0,5,"s"
"305",5.1,0.5,2,0,0,1,2,7,3,0,1,0,5,"s"
"306",5.1,0.6,2,0,0,1,4,9,3,0,1,0,5,"s"
"307",5.1,0.7,2,0,0,1,5,9,3,0,1,0,5,"s"
"308",5.1,0.8,2,0,0,1,8,9,3,0,1,0,5,"s"
"309",5.1,0.9,2,0,0,1,9,9,3,0,1,0,5,"s"
"310",5.1,1,2,1,11,1,9,9,3,1,1,0,4," s.sft"
"311",5.1,1.1,2,2,7,1,10,9,3,1,1,0,4," s.sft"
"312",5.1,1.2,2,4,7,1,10,9,3,1,1,0,4," s.sft"
"313",5.1,1.3,2,5,7,1,10,9,3,1,1,0,4," s.sft"
"314",5.1,1.4,2,5,7,1,10,9,3,1,1,0,4," s.sft"
"315",5.1,1.5,2,6,8,1,9,9,3,1,2,1,4," s.sft"
"316",5.1,1.6,2,6,5,1,10,9,3,1,2,1,4," s.sft"
"317",5.1,1.7,2,10,5,1,8,9,3,1,2,1,4," s.sft"
"318",5.1,1.8,2,11,5,1,7,9,3,1,3,2,4," s.sft"
"319",5.1,1.9,2,12,5,1,7,9,3,1,3,2,4," s.sft"
"320",5.1,2,2,15,5,1,6,9,3,1,3,2,4," s.sft"
"321",5.1,2.1,2,16,5,1,4,9,3,1,5,2,4," s.sft"
"322",5.1,2.2,2,17,4,1,3,9,3,1,7,2,4," s.sft"
"323",5.1,2.3,2,18,4,1,5,9,3,1,5,2,4," s.sft"
"324",5.1,2.4,2,20,4,1,2,9,3,1,11,2,4," s.sft"
"325",5.1,2.5,2,21,4,1,2,8,3,1,11,2,4," s.sft"
"326",5.1,2.6,2,22,4,1,0,6,3,1,15,2,4," s.sft"
"327",5.1,2.7,2,22,4,1,1,4,3,1,15,2,4," s.sft"
"328",5.1,2.8,2,25,4,1,0,4,3,1,15,2,4," s.sft"
"329",5.1,2.9,2,22,4,1,0,4,3,1,15,2,4," s.sft"
"330",5.1,3,2,24,4,1,0,4,3,1,15,2,4," s.sft"
"331",5.6,0.1,2,0,0,1,0,5,3,0,NA,0,5,"s"
"332",5.6,0.2,2,0,0,1,0,5,3,0,NA,0,5,"s"
"333",5.6,0.3,2,0,0,1,0,5,3,0,NA,0,5,"s"
"334",5.6,0.4,2,0,0,1,0,5,3,0,NA,0,5,"s"
"335",5.6,0.5,2,0,0,1,1,6,3,0,1,0,5,"s"
"336",5.6,0.6,2,0,0,1,2,7,3,0,1,0,5,"s"
"337",5.6,0.7,2,0,0,1,3,8,3,0,1,0,5,"s"
"338",5.6,0.8,2,0,0,1,5,9,3,0,1,0,5,"s"
"339",5.6,0.9,2,0,0,1,8,9,3,0,1,0,5,"s"
"340",5.6,1,2,0,0,1,9,9,3,0,1,0,5,"s"
"341",5.6,1.1,2,2,7,1,9,9,3,1,1,0,4," s.sft"
"342",5.6,1.2,2,4,7,1,8,9,3,1,1,0,4," s.sft"
"343",5.6,1.3,2,5,7,1,9,9,3,1,2,1,4," s.sft"
"344",5.6,1.4,2,7,7,1,9,9,3,1,2,1,4," s.sft"
"345",5.6,1.5,2,5,8,1,9,9,3,1,2,1,4," s.sft"
"346",5.6,1.6,2,8,5,1,7,9,3,1,2,1,4," s.sft"
"347",5.6,1.7,2,9,5,1,7,9,3,1,2,1,4," s.sft"
"348",5.6,1.8,2,11,5,1,6,8,3,1,3,2,4," s.sft"
"349",5.6,1.9,2,10,5,1,7,9,3,1,2,1,4," s.sft"
"350",5.6,2,2,14,5,1,4,9,3,1,5,2,4," s.sft"
"351",5.6,2.1,2,14,5,1,5,9,3,1,4,2,4," s.sft"
"352",5.6,2.2,2,16,5,1,4,9,3,1,5,2,4," s.sft"
"353",5.6,2.3,2,17,4,1,3,9,3,1,7,2,4," s.sft"
"354",5.6,2.4,2,18,4,1,2,9,3,1,10,2,4," s.sft"
"355",5.6,2.5,2,18,4,1,2,9,3,1,10,2,4," s.sft"
"356",5.6,2.6,2,20,4,1,3,8,3,1,8,2,4," s.sft"
"357",5.6,2.7,2,21,4,1,2,7,3,1,11,2,4," s.sft"
"358",5.6,2.8,2,22,4,1,0,5,3,1,15,2,4," s.sft"
"359",5.6,2.9,2,21,4,1,0,5,3,1,15,2,4," s.sft"
"360",5.6,3,2,21,4,1,0,5,3,1,15,2,4," s.sft"
"361",6.1,0.1,2,0,0,1,0,5,3,0,NA,0,5,"s"
"362",6.1,0.2,2,0,0,1,0,5,3,0,NA,0,5,"s"
"363",6.1,0.3,2,0,0,1,0,5,3,0,NA,0,5,"s"
"364",6.1,0.4,2,0,0,1,0,5,3,0,NA,0,5,"s"
"365",6.1,0.5,2,0,0,1,0,5,3,0,NA,0,5,"s"
"366",6.1,0.6,2,0,0,1,1,6,3,0,1,0,5,"s"
"367",6.1,0.7,2,0,0,1,2,7,3,0,1,0,5,"s"
"368",6.1,0.8,2,0,0,1,3,8,3,0,1,0,5,"s"
"369",6.1,0.9,2,0,0,1,5,9,3,0,1,0,5,"s"
"370",6.1,1,2,0,0,1,8,9,3,0,1,0,5,"s"
"371",6.1,1.1,2,1,9,1,7,9,3,1,1,0,4," s.sft"
"372",6.1,1.2,2,3,7,1,8,9,3,1,1,0,4," s.sft"
"373",6.1,1.3,2,3,7,1,9,9,3,1,1,0,4," s.sft"
"374",6.1,1.4,2,6,7,1,8,9,3,1,2,1,4," s.sft"
"375",6.1,1.5,2,6,7,1,8,9,3,1,2,1,4," s.sft"
"376",6.1,1.6,2,8,7,1,7,9,3,1,2,1,4," s.sft"
"377",6.1,1.7,2,8,5,1,7,9,3,1,2,1,4," s.sft"
"378",6.1,1.8,2,11,5,1,4,8,3,1,4,2,4," s.sft"
"379",6.1,1.9,2,12,5,1,5,8,3,1,3,2,4," s.sft"
"380",6.1,2,2,13,5,1,4,9,3,1,4,2,4," s.sft"
"381",6.1,2.1,2,14,5,1,4,9,3,1,5,2,4," s.sft"
"382",6.1,2.2,2,14,5,1,4,9,3,1,5,2,4," s.sft"
"383",6.1,2.3,2,17,5,1,1,9,3,1,15,2,4," s.sft"
"384",6.1,2.4,2,17,4,1,2,9,3,1,9,2,4," s.sft"
"385",6.1,2.5,2,19,4,1,1,9,3,1,15,2,4," s.sft"
"386",6.1,2.6,2,19,4,1,1,9,3,1,15,2,4," s.sft"
"387",6.1,2.7,2,19,4,1,1,8,3,1,15,2,4," s.sft"
"388",6.1,2.8,2,21,4,1,0,7,3,1,15,2,4," s.sft"
"389",6.1,2.9,2,21,4,1,0,5,3,1,15,2,4," s.sft"
"390",6.1,3,2,21,4,1,0,6,3,1,15,2,4," s.sft"
"391",6.6,0.1,1,0,0,1,0,3,2,0,NA,0,2,"wt"
"392",6.6,0.2,1,0,0,1,0,4,2,0,NA,0,2,"wt"
"393",6.6,0.3,1,0,0,1,0,4,2,0,NA,0,2,"wt"
"394",6.6,0.4,1,0,0,1,0,4,2,0,NA,0,2,"wt"
"395",6.6,0.5,1,0,0,1,0,4,2,0,NA,0,2,"wt"
"396",6.6,0.6,1,0,0,1,0,4,2,0,NA,0,2,"wt"
"397",6.6,0.7,1,0,0,1,1,5,2,0,1,0,2,"wt"
"398",6.6,0.8,1,0,0,1,2,6,2,0,1,0,2,"wt"
"399",6.6,0.9,1,0,0,1,3,7,2,0,1,0,2,"wt"
"400",6.6,1,2,0,0,1,7,9,3,0,1,0,5,"s"
"401",6.6,1.1,2,2,7,1,8,9,3,1,1,0,4," s.sft"
"402",6.6,1.2,2,3,5,1,9,9,3,1,1,0,4," s.sft"
"403",6.6,1.3,2,5,5,1,7,9,3,1,2,1,4," s.sft"
"404",6.6,1.4,2,7,5,1,7,9,3,1,2,1,4," s.sft"
"405",6.6,1.5,2,8,5,1,8,9,3,1,2,1,4," s.sft"
"406",6.6,1.6,2,10,5,1,7,9,3,1,2,1,4," s.sft"
"407",6.6,1.7,2,10,5,1,7,9,3,1,2,1,4," s.sft"
"408",6.6,1.8,2,11,4,1,7,9,3,1,3,2,4," s.sft"
"409",6.6,1.9,2,13,4,1,5,8,3,1,4,2,4," s.sft"
"410",6.6,2,2,13,4,1,6,7,3,1,3,2,4," s.sft"
"411",6.6,2.1,2,15,4,1,3,6,3,1,6,2,4," s.sft"
"412",6.6,2.2,2,16,4,1,3,6,3,1,6,2,4," s.sft"
"413",6.6,2.3,2,18,4,1,2,6,3,1,10,2,4," s.sft"
"414",6.6,2.4,2,18,3,1,2,5,3,1,10,2,4," s.sft"
"415",6.6,2.5,2,17,3,1,2,6,3,1,9,2,4," s.sft"
"416",6.6,2.6,2,18,3,1,1,6,3,1,15,2,4," s.sft"
"417",6.6,2.7,2,17,3,1,0,6,3,1,15,2,4," s.sft"
"418",6.6,2.8,2,14,3,1,0,4,3,1,15,2,4," s.sft"
"419",6.6,2.9,2,13,3,1,0,4,3,1,15,2,4," s.sft"
"420",6.6,3,2,9,3,1,0,3,3,1,15,2,4," s.sft"
"421",7.1,0.1,1,0,0,1,0,3,2,0,NA,0,2,"wt"
"422",7.1,0.2,1,0,0,1,0,3,2,0,NA,0,2,"wt"
"423",7.1,0.3,1,0,0,1,0,4,2,0,NA,0,2,"wt"
"424",7.1,0.4,1,0,0,1,0,4,2,0,NA,0,2,"wt"
"425",7.1,0.5,1,0,0,1,0,4,2,0,NA,0,2,"wt"
"426",7.1,0.6,1,0,0,1,0,4,2,0,NA,0,2,"wt"
"427",7.1,0.7,1,0,0,1,0,4,2,0,NA,0,2,"wt"
"428",7.1,0.8,1,0,0,1,1,5,2,0,1,0,2,"wt"
"429",7.1,0.9,1,0,0,1,2,6,2,0,1,0,2,"wt"
"430",7.1,1,1,0,0,1,4,8,2,0,1,0,2,"wt"
"431",7.1,1.1,2,2,7,1,8,9,3,1,1,0,4," s.sft"
"432",7.1,1.2,2,5,4,1,6,9,3,1,2,1,4," s.sft"
"433",7.1,1.3,2,5,5,1,8,9,3,1,2,1,4," s.sft"
"434",7.1,1.4,2,5,5,1,7,9,3,1,2,1,4," s.sft"
"435",7.1,1.5,2,7,5,1,7,9,3,1,2,1,4," s.sft"
"436",7.1,1.6,2,7,5,1,7,9,3,1,2,1,4," s.sft"
"437",7.1,1.7,2,10,5,1,6,9,3,1,3,2,4," s.sft"
"438",7.1,1.8,2,13,4,1,5,9,3,1,4,2,4," s.sft"
"439",7.1,1.9,2,13,4,1,4,9,3,1,4,2,4," s.sft"
"440",7.1,2,2,12,4,1,4,8,3,1,4,2,4," s.sft"
"441",7.1,2.1,2,15,4,1,4,7,3,1,5,2,4," s.sft"
"442",7.1,2.2,2,17,4,1,2,6,3,1,9,2,4," s.sft"
"443",7.1,2.3,2,15,4,1,4,6,3,1,5,2,4," s.sft"
"444",7.1,2.4,1,18,4,1,0,6,2,1,15,2,3,"sft"
"445",7.1,2.5,2,16,3,1,2,5,3,1,9,2,4," s.sft"
"446",7.1,2.6,2,17,3,1,1,6,3,1,15,2,4," s.sft"
"447",7.1,2.7,2,18,3,1,0,6,3,1,15,2,4," s.sft"
"448",7.1,2.8,2,17,3,1,0,5,3,1,15,2,4," s.sft"
"449",7.1,2.9,2,13,3,1,0,4,3,1,15,2,4," s.sft"
"450",7.1,3,2,13,3,1,0,4,3,1,15,2,4," s.sft"
"451",7.6,0.1,1,0,0,1,0,3,2,0,NA,0,2,"wt"
"452",7.6,0.2,1,0,0,1,0,3,2,0,NA,0,2,"wt"
"453",7.6,0.3,1,0,0,1,0,3,2,0,NA,0,2,"wt"
"454",7.6,0.4,1,0,0,1,0,4,2,0,NA,0,2,"wt"
"455",7.6,0.5,1,0,0,1,0,4,2,0,NA,0,2,"wt"
"456",7.6,0.6,1,0,0,1,0,4,2,0,NA,0,2,"wt"
"457",7.6,0.7,1,0,0,1,0,4,2,0,NA,0,2,"wt"
"458",7.6,0.8,1,0,0,1,0,4,2,0,NA,0,2,"wt"
"459",7.6,0.9,1,0,0,1,1,5,2,0,1,0,2,"wt"
"460",7.6,1,1,0,0,1,2,6,2,0,1,0,2,"wt"
"461",7.6,1.1,1,0,0,1,6,9,2,0,1,0,2,"wt"
"462",7.6,1.2,2,4,6,1,7,9,3,1,2,1,4," s.sft"
"463",7.6,1.3,2,7,4,1,6,9,3,1,2,1,4," s.sft"
"464",7.6,1.4,2,5,5,1,7,9,3,1,2,1,4," s.sft"
"465",7.6,1.5,2,6,5,1,7,9,3,1,2,1,4," s.sft"
"466",7.6,1.6,2,9,5,1,6,9,3,1,3,2,4," s.sft"
"467",7.6,1.7,2,9,5,1,7,9,3,1,2,1,4," s.sft"
"468",7.6,1.8,2,10,5,1,7,9,3,1,2,1,4," s.sft"
"469",7.6,1.9,2,13,4,1,4,9,3,1,4,2,4," s.sft"
"470",7.6,2,2,13,4,1,4,8,3,1,4,2,4," s.sft"
"471",7.6,2.1,2,13,4,1,4,7,3,1,4,2,4," s.sft"
"472",7.6,2.2,2,14,4,1,3,7,3,1,6,2,4," s.sft"
"473",7.6,2.3,2,16,4,1,1,6,3,1,15,2,4," s.sft"
"474",7.6,2.4,2,19,4,1,0,6,3,1,15,2,4," s.sft"
"475",7.6,2.5,2,15,3,1,1,5,3,1,15,2,4," s.sft"
"476",7.6,2.6,2,16,3,1,1,5,3,1,15,2,4," s.sft"
"477",7.6,2.7,2,16,3,1,0,6,3,1,15,2,4," s.sft"
"478",7.6,2.8,2,17,3,1,0,6,3,1,15,2,4," s.sft"
"479",7.6,2.9,1,12,3,1,0,5,2,1,15,2,3,"sft"
"480",7.6,3,1,13,3,1,0,4,2,1,15,2,3,"sft"
"481",8.1,0.1,1,0,0,1,0,3,2,0,NA,0,2,"wt"
"482",8.1,0.2,1,0,0,1,0,3,2,0,NA,0,2,"wt"
"483",8.1,0.3,1,0,0,1,0,3,2,0,NA,0,2,"wt"
"484",8.1,0.4,1,0,0,1,0,3,2,0,NA,0,2,"wt"
"485",8.1,0.5,1,0,0,1,0,3,2,0,NA,0,2,"wt"
"486",8.1,0.6,1,0,0,1,0,4,2,0,NA,0,2,"wt"
"487",8.1,0.7,1,0,0,1,0,4,2,0,NA,0,2,"wt"
"488",8.1,0.8,1,0,0,1,0,4,2,0,NA,0,2,"wt"
"489",8.1,0.9,1,0,0,1,0,4,2,0,NA,0,2,"wt"
"490",8.1,1,1,0,0,1,1,5,2,0,1,0,2,"wt"
"491",8.1,1.1,1,0,0,1,3,7,2,0,1,0,2,"wt"
"492",8.1,1.2,2,3,7,1,6,9,3,1,1,0,4," s.sft"
"493",8.1,1.3,2,4,4,1,6,9,3,1,2,1,4," s.sft"
"494",8.1,1.4,2,5,4,1,6,9,3,1,2,1,4," s.sft"
"495",8.1,1.5,2,6,5,1,6,9,3,1,2,1,4," s.sft"
"496",8.1,1.6,2,8,5,1,6,9,3,1,2,1,4," s.sft"
"497",8.1,1.7,2,10,5,1,4,9,3,1,3,2,4," s.sft"
"498",8.1,1.8,2,10,5,1,5,9,3,1,3,2,4," s.sft"
"499",8.1,1.9,1,13,4,1,2,9,2,1,7,2,3,"sft"
"500",8.1,2,2,13,4,1,5,9,3,1,4,2,4," s.sft"
"501",8.1,2.1,2,13,4,1,3,7,3,1,5,2,4," s.sft"
"502",8.1,2.2,2,12,4,1,5,7,3,1,3,2,4," s.sft"
"503",8.1,2.3,2,14,4,1,3,7,3,1,6,2,4," s.sft"
"504",8.1,2.4,2,16,4,1,3,6,3,1,6,2,4," s.sft"
"505",8.1,2.5,1,17,4,1,0,6,2,1,15,2,3,"sft"
"506",8.1,2.6,2,16,3,1,1,5,3,1,15,2,4," s.sft"
"507",8.1,2.7,1,15,3,1,0,5,2,1,15,2,3,"sft"
"508",8.1,2.8,2,17,3,1,0,6,3,1,15,2,4," s.sft"
"509",8.1,2.9,2,15,3,1,0,6,3,1,15,2,4," s.sft"
"510",8.1,3,2,12,3,1,0,5,3,1,15,2,4," s.sft"
"511",8.6,0.1,1,0,0,1,0,3,2,0,NA,0,2,"wt"
"512",8.6,0.2,1,0,0,1,0,3,2,0,NA,0,2,"wt"
"513",8.6,0.3,1,0,0,1,0,3,2,0,NA,0,2,"wt"
"514",8.6,0.4,1,0,0,1,0,3,2,0,NA,0,2,"wt"
"515",8.6,0.5,1,0,0,1,0,3,2,0,NA,0,2,"wt"
"516",8.6,0.6,1,0,0,1,0,3,2,0,NA,0,2,"wt"
"517",8.6,0.7,1,0,0,1,0,4,2,0,NA,0,2,"wt"
"518",8.6,0.8,1,0,0,1,0,4,2,0,NA,0,2,"wt"
"519",8.6,0.9,1,0,0,1,0,4,2,0,NA,0,2,"wt"
"520",8.6,1,1,0,0,1,1,5,2,0,1,0,2,"wt"
"521",8.6,1.1,1,0,0,1,1,5,2,0,1,0,2,"wt"
"522",8.6,1.2,1,0,0,1,6,9,2,0,1,0,2,"wt"
"523",8.6,1.3,2,7,5,1,6,9,3,1,2,1,4," s.sft"
"524",8.6,1.4,1,6,4,1,6,9,2,1,2,1,3,"sft"
"525",8.6,1.5,2,9,4,1,6,9,3,1,3,2,4," s.sft"
"526",8.6,1.6,2,5,5,1,6,9,3,1,2,1,4," s.sft"
"527",8.6,1.7,1,7,5,1,6,9,2,1,2,1,3,"sft"
"528",8.6,1.8,2,9,5,1,6,9,3,1,3,2,4," s.sft"
"529",8.6,1.9,1,10,5,1,7,9,2,1,2,1,3,"sft"
"530",8.6,2,2,14,4,1,2,9,3,1,8,2,4," s.sft"
"531",8.6,2.1,2,14,4,1,3,8,3,1,6,2,4," s.sft"
"532",8.6,2.2,2,15,4,1,1,6,3,1,15,2,4," s.sft"
"533",8.6,2.3,2,14,4,1,2,7,3,1,8,2,4," s.sft"
"534",8.6,2.4,1,17,4,1,0,6,2,1,15,2,3,"sft"
"535",8.6,2.5,1,18,4,1,0,6,2,1,15,2,3,"sft"
"536",8.6,2.6,2,14,3,1,1,5,3,1,15,2,4," s.sft"
"537",8.6,2.7,2,16,3,1,0,5,3,1,15,2,4," s.sft"
"538",8.6,2.8,1,13,3,1,0,5,2,1,15,2,3,"sft"
"539",8.6,2.9,2,17,3,1,0,6,3,1,15,2,4," s.sft"
"540",8.6,3,1,12,3,1,0,5,2,1,15,2,3,"sft"
"541",9.1,0.1,1,0,0,1,0,3,2,0,NA,0,2,"wt"
"542",9.1,0.2,1,0,0,1,0,3,2,0,NA,0,2,"wt"
"543",9.1,0.3,1,0,0,1,0,3,2,0,NA,0,2,"wt"
"544",9.1,0.4,1,0,0,1,0,3,2,0,NA,0,2,"wt"
"545",9.1,0.5,1,0,0,1,0,3,2,0,NA,0,2,"wt"
"546",9.1,0.6,1,0,0,1,0,3,2,0,NA,0,2,"wt"
"547",9.1,0.7,1,0,0,1,0,3,2,0,NA,0,2,"wt"
"548",9.1,0.8,1,0,0,1,0,4,2,0,NA,0,2,"wt"
"549",9.1,0.9,1,0,0,1,0,4,2,0,NA,0,2,"wt"
"550",9.1,1,1,0,0,1,0,4,2,0,NA,0,2,"wt"
"551",9.1,1.1,1,0,0,1,1,5,2,0,1,0,2,"wt"
"552",9.1,1.2,1,0,0,1,2,6,2,0,1,0,2,"wt"
"553",9.1,1.3,1,5,6,1,6,9,2,1,2,1,3,"sft"
"554",9.1,1.4,2,6,4,1,5,9,3,1,2,1,4," s.sft"
"555",9.1,1.5,2,7,4,1,5,9,3,1,2,1,4," s.sft"
"556",9.1,1.6,2,8,4,1,5,9,3,1,3,2,4," s.sft"
"557",9.1,1.7,2,6,5,1,6,9,3,1,2,1,4," s.sft"
"558",9.1,1.8,1,10,5,1,3,9,2,1,4,2,3,"sft"
"559",9.1,1.9,2,10,5,1,5,9,3,1,3,2,4," s.sft"
"560",9.1,2,1,13,4,1,0,9,2,1,15,2,3,"sft"
"561",9.1,2.1,2,13,4,1,3,9,3,1,5,2,4," s.sft"
"562",9.1,2.2,2,13,4,1,4,7,3,1,4,2,4," s.sft"
"563",9.1,2.3,2,13,4,1,3,7,3,1,5,2,4," s.sft"
"564",9.1,2.4,2,13,4,1,4,7,3,1,4,2,4," s.sft"
"565",9.1,2.5,1,17,4,1,0,7,2,1,15,2,3,"sft"
"566",9.1,2.6,1,16,4,1,0,6,2,1,15,2,3,"sft"
"567",9.1,2.7,1,15,3,1,0,5,2,1,15,2,3,"sft"
"568",9.1,2.8,1,14,3,1,0,5,2,1,15,2,3,"sft"
"569",9.1,2.9,2,10,3,1,0,5,3,1,15,2,4," s.sft"
"570",9.1,3,2,15,3,1,0,6,3,1,15,2,4," s.sft"
"571",9.6,0.1,1,0,0,1,0,3,2,0,NA,0,2,"wt"
"572",9.6,0.2,1,0,0,1,0,3,2,0,NA,0,2,"wt"
"573",9.6,0.3,1,0,0,1,0,3,2,0,NA,0,2,"wt"
"574",9.6,0.4,1,0,0,1,0,3,2,0,NA,0,2,"wt"
"575",9.6,0.5,1,0,0,1,0,3,2,0,NA,0,2,"wt"
"576",9.6,0.6,1,0,0,1,0,3,2,0,NA,0,2,"wt"
"577",9.6,0.7,1,0,0,1,0,3,2,0,NA,0,2,"wt"
"578",9.6,0.8,1,0,0,1,0,3,2,0,NA,0,2,"wt"
"579",9.6,0.9,1,0,0,1,0,4,2,0,NA,0,2,"wt"
"580",9.6,1,1,0,0,1,0,4,2,0,NA,0,2,"wt"
"581",9.6,1.1,1,0,0,1,0,4,2,0,NA,0,2,"wt"
"582",9.6,1.2,1,0,0,1,1,5,2,0,1,0,2,"wt"
"583",9.6,1.3,1,0,0,1,4,8,2,0,1,0,2,"wt"
"584",9.6,1.4,1,3,5,1,6,9,2,1,1,0,3,"sft"
"585",9.6,1.5,1,3,4,1,6,9,2,1,1,0,3,"sft"
"586",9.6,1.6,1,10,4,1,3,9,2,1,4,2,3,"sft"
"587",9.6,1.7,2,10,4,1,4,8,3,1,3,2,4," s.sft"
"588",9.6,1.8,1,8,5,1,4,9,2,1,3,2,3,"sft"
"589",9.6,1.9,1,11,5,1,5,9,2,1,3,2,3,"sft"
"590",9.6,2,1,10,5,1,5,9,2,1,3,2,3,"sft"
"591",9.6,2.1,1,13,4,1,2,9,2,1,7,2,3,"sft"
"592",9.6,2.2,2,14,4,1,2,7,3,1,8,2,4," s.sft"
"593",9.6,2.3,2,13,4,1,3,7,3,1,5,2,4," s.sft"
"594",9.6,2.4,2,14,4,1,1,7,3,1,15,2,4," s.sft"
"595",9.6,2.5,2,15,4,1,2,7,3,1,9,2,4," s.sft"
"596",9.6,2.6,2,16,4,1,1,6,3,1,15,2,4," s.sft"
"597",9.6,2.7,1,15,3,1,0,5,2,1,15,2,3,"sft"
"598",9.6,2.8,1,14,3,1,0,5,2,1,15,2,3,"sft"
"599",9.6,2.9,1,12,3,1,0,5,2,1,15,2,3,"sft"
"600",9.6,3,2,9,3,1,0,5,3,1,15,2,4," s.sft"
"601",10.1,0.1,1,0,0,1,0,3,2,0,NA,0,2,"wt"
"602",10.1,0.2,1,0,0,1,0,3,2,0,NA,0,2,"wt"
"603",10.1,0.3,1,0,0,1,0,3,2,0,NA,0,2,"wt"
"604",10.1,0.4,1,0,0,1,0,3,2,0,NA,0,2,"wt"
"605",10.1,0.5,1,0,0,1,0,3,2,0,NA,0,2,"wt"
"606",10.1,0.6,1,0,0,1,0,3,2,0,NA,0,2,"wt"
"607",10.1,0.7,1,0,0,1,0,3,2,0,NA,0,2,"wt"
"608",10.1,0.8,1,0,0,1,0,3,2,0,NA,0,2,"wt"
"609",10.1,0.9,1,0,0,1,0,3,2,0,NA,0,2,"wt"
"610",10.1,1,1,0,0,1,0,4,2,0,NA,0,2,"wt"
"611",10.1,1.1,1,0,0,1,0,4,2,0,NA,0,2,"wt"
"612",10.1,1.2,1,0,0,1,0,4,2,0,NA,0,2,"wt"
"613",10.1,1.3,1,0,0,1,1,5,2,0,1,0,2,"wt"
"614",10.1,1.4,1,4,5,1,5,9,2,1,2,1,3,"sft"
"615",10.1,1.5,2,6,4,1,5,9,3,1,2,1,4," s.sft"
"616",10.1,1.6,1,10,4,1,3,9,2,1,4,2,3,"sft"
"617",10.1,1.7,2,9,4,1,4,9,3,1,3,2,4," s.sft"
"618",10.1,1.8,2,5,5,1,6,9,3,1,2,1,4," s.sft"
"619",10.1,1.9,1,10,5,1,2,9,2,1,6,2,3,"sft"
"620",10.1,2,2,9,5,1,5,9,3,1,3,2,4," s.sft"
"621",10.1,2.1,1,13,4,1,1,9,2,1,14,2,3,"sft"
"622",10.1,2.2,1,13,4,1,4,8,2,1,4,2,3,"sft"
"623",10.1,2.3,2,13,4,1,3,8,3,1,5,2,4," s.sft"
"624",10.1,2.4,1,14,4,1,1,5,2,1,15,2,3,"sft"
"625",10.1,2.5,2,15,4,1,2,7,3,1,9,2,4," s.sft"
"626",10.1,2.6,1,15,4,1,0,7,2,1,15,2,3,"sft"
"627",10.1,2.7,2,14,4,1,1,6,3,1,15,2,4," s.sft"
"628",10.1,2.8,1,14,3,1,0,5,2,1,15,2,3,"sft"
"629",10.1,2.9,1,13,3,1,0,5,2,1,15,2,3,"sft"
"630",10.1,3,1,10,3,1,0,5,2,1,15,2,3,"sft"
"631",10.6,0.1,1,0,0,1,0,3,2,0,NA,0,2,"wt"
"632",10.6,0.2,1,0,0,1,0,3,2,0,NA,0,2,"wt"
"633",10.6,0.3,1,0,0,1,0,3,2,0,NA,0,2,"wt"
"634",10.6,0.4,1,0,0,1,0,3,2,0,NA,0,2,"wt"
"635",10.6,0.5,1,0,0,1,0,3,2,0,NA,0,2,"wt"
"636",10.6,0.6,1,0,0,1,0,3,2,0,NA,0,2,"wt"
"637",10.6,0.7,1,0,0,1,0,3,2,0,NA,0,2,"wt"
"638",10.6,0.8,1,0,0,1,0,3,2,0,NA,0,2,"wt"
"639",10.6,0.9,1,0,0,1,0,3,2,0,NA,0,2,"wt"
"640",10.6,1,1,0,0,1,0,3,2,0,NA,0,2,"wt"
"641",10.6,1.1,1,0,0,1,0,3,2,0,NA,0,2,"wt"
"642",10.6,1.2,1,0,0,1,0,4,2,0,NA,0,2,"wt"
"643",10.6,1.3,1,0,0,1,0,4,2,0,NA,0,2,"wt"
"644",10.6,1.4,1,0,0,1,2,6,2,0,1,0,2,"wt"
"645",10.6,1.5,1,6,4,1,4,9,2,1,3,2,3,"sft"
"646",10.6,1.6,2,5,4,1,6,9,3,1,2,1,4," s.sft"
"647",10.6,1.7,1,11,4,1,2,9,2,1,7,2,3,"sft"
"648",10.6,1.8,2,11,4,1,4,7,3,1,4,2,4," s.sft"
"649",10.6,1.9,1,9,5,1,4,9,2,1,3,2,3,"sft"
"650",10.6,2,1,10,5,1,6,9,2,1,3,2,3,"sft"
"651",10.6,2.1,1,9,5,1,3,9,2,1,4,2,3,"sft"
"652",10.6,2.2,1,13,4,1,1,9,2,1,14,2,3,"sft"
"653",10.6,2.3,1,14,4,1,3,7,2,1,6,2,3,"sft"
"654",10.6,2.4,1,14,4,1,0,7,2,1,15,2,3,"sft"
"655",10.6,2.5,1,14,4,1,1,6,2,1,15,2,3,"sft"
"656",10.6,2.6,1,13,4,1,2,8,2,1,7,2,3,"sft"
"657",10.6,2.7,1,15,4,1,0,6,2,1,15,2,3,"sft"
"658",10.6,2.8,1,13,3,1,0,5,2,1,15,2,3,"sft"
"659",10.6,2.9,1,14,3,1,0,5,2,1,15,2,3,"sft"
"660",10.6,3,1,10,3,1,0,5,2,1,15,2,3,"sft"
"661",11.1,0.1,1,0,0,1,0,3,2,0,NA,0,2,"wt"
"662",11.1,0.2,1,0,0,1,0,3,2,0,NA,0,2,"wt"
"663",11.1,0.3,1,0,0,1,0,3,2,0,NA,0,2,"wt"
"664",11.1,0.4,1,0,0,1,0,3,2,0,NA,0,2,"wt"
"665",11.1,0.5,1,0,0,1,0,3,2,0,NA,0,2,"wt"
"666",11.1,0.6,1,0,0,1,0,3,2,0,NA,0,2,"wt"
"667",11.1,0.7,1,0,0,1,0,3,2,0,NA,0,2,"wt"
"668",11.1,0.8,1,0,0,1,0,3,2,0,NA,0,2,"wt"
"669",11.1,0.9,1,0,0,1,0,3,2,0,NA,0,2,"wt"
"670",11.1,1,1,0,0,1,0,3,2,0,NA,0,2,"wt"
"671",11.1,1.1,1,0,0,1,0,3,2,0,NA,0,2,"wt"
"672",11.1,1.2,1,0,0,1,0,3,2,0,NA,0,2,"wt"
"673",11.1,1.3,1,0,0,1,0,4,2,0,NA,0,2,"wt"
"674",11.1,1.4,1,0,0,1,1,5,2,0,1,0,2,"wt"
"675",11.1,1.5,1,5,5,1,4,8,2,1,2,1,3,"sft"
"676",11.1,1.6,1,8,4,1,4,8,2,1,3,2,3,"sft"
"677",11.1,1.7,1,8,4,1,4,9,2,1,3,2,3,"sft"
"678",11.1,1.8,1,9,4,1,3,8,2,1,4,2,3,"sft"
"679",11.1,1.9,1,12,4,1,0,8,2,1,15,2,3,"sft"
"680",11.1,2,1,9,5,1,7,9,2,1,2,1,3,"sft"
"681",11.1,2.1,1,10,5,1,3,8,2,1,4,2,3,"sft"
"682",11.1,2.2,1,13,4,1,1,9,2,1,14,2,3,"sft"
"683",11.1,2.3,1,13,4,1,1,8,2,1,14,2,3,"sft"
"684",11.1,2.4,1,14,4,1,1,8,2,1,15,2,3,"sft"
"685",11.1,2.5,1,14,4,1,2,5,2,1,8,2,3,"sft"
"686",11.1,2.6,1,15,4,1,0,5,2,1,15,2,3,"sft"
"687",11.1,2.7,1,15,4,1,0,7,2,1,15,2,3,"sft"
"688",11.1,2.8,1,15,4,1,0,6,2,1,15,2,3,"sft"
"689",11.1,2.9,1,13,3,1,0,5,2,1,15,2,3,"sft"
"690",11.1,3,1,12,3,1,0,5,2,1,15,2,3,"sft"
"691",11.6,0.1,1,0,0,1,0,3,2,0,NA,0,2,"wt"
"692",11.6,0.2,1,0,0,1,0,3,2,0,NA,0,2,"wt"
"693",11.6,0.3,1,0,0,1,0,3,2,0,NA,0,2,"wt"
"694",11.6,0.4,1,0,0,1,0,3,2,0,NA,0,2,"wt"
"695",11.6,0.5,1,0,0,1,0,3,2,0,NA,0,2,"wt"
"696",11.6,0.6,1,0,0,1,0,3,2,0,NA,0,2,"wt"
"697",11.6,0.7,1,0,0,1,0,3,2,0,NA,0,2,"wt"
"698",11.6,0.8,1,0,0,1,0,3,2,0,NA,0,2,"wt"
"699",11.6,0.9,1,0,0,1,0,3,2,0,NA,0,2,"wt"
"700",11.6,1,1,0,0,1,0,3,2,0,NA,0,2,"wt"
"701",11.6,1.1,1,0,0,1,0,3,2,0,NA,0,2,"wt"
"702",11.6,1.2,1,0,0,1,0,3,2,0,NA,0,2,"wt"
"703",11.6,1.3,1,0,0,1,0,4,2,0,NA,0,2,"wt"
"704",11.6,1.4,1,0,0,1,0,4,2,0,NA,0,2,"wt"
"705",11.6,1.5,1,0,0,1,1,5,2,0,1,0,2,"wt"
"706",11.6,1.6,1,8,4,1,3,9,2,1,4,2,3,"sft"
"707",11.6,1.7,1,6,4,1,4,9,2,1,3,2,3,"sft"
"708",11.6,1.8,1,10,4,1,2,9,2,1,6,2,3,"sft"
"709",11.6,1.9,1,9,4,1,4,7,2,1,3,2,3,"sft"
"710",11.6,2,1,11,4,1,3,6,2,1,5,2,3,"sft"
"711",11.6,2.1,1,11,5,1,3,9,2,1,5,2,3,"sft"
"712",11.6,2.2,1,10,5,1,4,9,2,1,3,2,3,"sft"
"713",11.6,2.3,1,13,4,1,0,8,2,1,15,2,3,"sft"
"714",11.6,2.4,1,14,4,1,1,8,2,1,15,2,3,"sft"
"715",11.6,2.5,1,13,4,1,2,6,2,1,7,2,3,"sft"
"716",11.6,2.6,1,15,4,1,0,5,2,1,15,2,3,"sft"
"717",11.6,2.7,1,14,4,1,0,5,2,1,15,2,3,"sft"
"718",11.6,2.8,1,13,4,1,0,7,2,1,15,2,3,"sft"
"719",11.6,2.9,1,13,3,1,0,6,2,1,15,2,3,"sft"
"720",11.6,3,1,13,3,1,0,6,2,1,15,2,3,"sft"
"721",12.1,0.1,1,0,0,1,0,3,2,0,NA,0,2,"wt"
"722",12.1,0.2,1,0,0,1,0,3,2,0,NA,0,2,"wt"
"723",12.1,0.3,1,0,0,1,0,3,2,0,NA,0,2,"wt"
"724",12.1,0.4,1,0,0,1,0,3,2,0,NA,0,2,"wt"
"725",12.1,0.5,1,0,0,1,0,3,2,0,NA,0,2,"wt"
"726",12.1,0.6,1,0,0,1,0,3,2,0,NA,0,2,"wt"
"727",12.1,0.7,1,0,0,1,0,3,2,0,NA,0,2,"wt"
"728",12.1,0.8,1,0,0,1,0,3,2,0,NA,0,2,"wt"
"729",12.1,0.9,1,0,0,1,0,3,2,0,NA,0,2,"wt"
"730",12.1,1,1,0,0,1,0,3,2,0,NA,0,2,"wt"
"731",12.1,1.1,1,0,0,1,0,3,2,0,NA,0,2,"wt"
"732",12.1,1.2,1,0,0,1,0,3,2,0,NA,0,2,"wt"
"733",12.1,1.3,1,0,0,1,0,3,2,0,NA,0,2,"wt"
"734",12.1,1.4,1,0,0,1,0,4,2,0,NA,0,2,"wt"
"735",12.1,1.5,1,0,0,1,0,4,2,0,NA,0,2,"wt"
"736",12.1,1.6,1,4,6,1,6,8,2,1,2,1,3,"sft"
"737",12.1,1.7,1,7,4,1,3,8,2,1,3,2,3,"sft"
"738",12.1,1.8,1,10,4,1,4,9,2,1,3,2,3,"sft"
"739",12.1,1.9,1,10,4,1,4,7,2,1,3,2,3,"sft"
"740",12.1,2,1,11,4,1,4,6,2,1,4,2,3,"sft"
"741",12.1,2.1,1,10,4,1,2,8,2,1,6,2,3,"sft"
"742",12.1,2.2,1,11,5,1,2,8,2,1,7,2,3,"sft"
"743",12.1,2.3,1,13,4,1,1,9,2,1,14,2,3,"sft"
"744",12.1,2.4,1,14,4,1,0,7,2,1,15,2,3,"sft"
"745",12.1,2.5,1,13,4,1,0,8,2,1,15,2,3,"sft"
"746",12.1,2.6,1,14,4,1,1,5,2,1,15,2,3,"sft"
"747",12.1,2.7,1,14,4,1,0,5,2,1,15,2,3,"sft"
"748",12.1,2.8,1,13,4,1,0,7,2,1,15,2,3,"sft"
"749",12.1,2.9,1,13,4,1,0,6,2,1,15,2,3,"sft"
"750",12.1,3,1,12,3,1,0,5,2,1,15,2,3,"sft"
"751",12.6,0.1,1,0,0,1,0,3,2,0,NA,0,2,"wt"
"752",12.6,0.2,1,0,0,1,0,3,2,0,NA,0,2,"wt"
"753",12.6,0.3,1,0,0,1,0,3,2,0,NA,0,2,"wt"
"754",12.6,0.4,1,0,0,1,0,3,2,0,NA,0,2,"wt"
"755",12.6,0.5,1,0,0,1,0,3,2,0,NA,0,2,"wt"
"756",12.6,0.6,1,0,0,1,0,3,2,0,NA,0,2,"wt"
"757",12.6,0.7,1,0,0,1,0,3,2,0,NA,0,2,"wt"
"758",12.6,0.8,1,0,0,1,0,3,2,0,NA,0,2,"wt"
"759",12.6,0.9,1,0,0,1,0,3,2,0,NA,0,2,"wt"
"760",12.6,1,1,0,0,1,0,3,2,0,NA,0,2,"wt"
"761",12.6,1.1,1,0,0,1,0,3,2,0,NA,0,2,"wt"
"762",12.6,1.2,1,0,0,1,0,3,2,0,NA,0,2,"wt"
"763",12.6,1.3,1,0,0,1,0,3,2,0,NA,0,2,"wt"
"764",12.6,1.4,1,0,0,1,0,3,2,0,NA,0,2,"wt"
"765",12.6,1.5,1,0,0,1,0,4,2,0,NA,0,2,"wt"
"766",12.6,1.6,1,0,0,1,1,5,2,0,1,0,2,"wt"
"767",12.6,1.7,1,9,4,1,1,9,2,1,10,2,3,"sft"
"768",12.6,1.8,1,6,4,1,4,9,2,1,3,2,3,"sft"
"769",12.6,1.9,1,11,4,1,2,9,2,1,7,2,3,"sft"
"770",12.6,2,1,8,4,1,4,8,2,1,3,2,3,"sft"
"771",12.6,2.1,1,11,4,1,2,6,2,1,7,2,3,"sft"
"772",12.6,2.2,1,11,5,1,2,9,2,1,7,2,3,"sft"
"773",12.6,2.3,1,11,5,1,2,8,2,1,7,2,3,"sft"
"774",12.6,2.4,1,13,4,1,2,7,2,1,7,2,3,"sft"
"775",12.6,2.5,1,14,4,1,1,8,2,1,15,2,3,"sft"
"776",12.6,2.6,1,14,4,1,0,5,2,1,15,2,3,"sft"
"777",12.6,2.7,1,15,4,1,0,5,2,1,15,2,3,"sft"
"778",12.6,2.8,1,13,4,1,0,5,2,1,15,2,3,"sft"
"779",12.6,2.9,1,14,4,1,0,7,2,1,15,2,3,"sft"
"780",12.6,3,1,13,3,1,0,6,2,1,15,2,3,"sft"
"781",13.1,0.1,1,0,0,1,0,3,2,0,NA,0,2,"wt"
"782",13.1,0.2,1,0,0,1,0,3,2,0,NA,0,2,"wt"
"783",13.1,0.3,1,0,0,1,0,3,2,0,NA,0,2,"wt"
"784",13.1,0.4,1,0,0,1,0,3,2,0,NA,0,2,"wt"
"785",13.1,0.5,1,0,0,1,0,3,2,0,NA,0,2,"wt"
"786",13.1,0.6,1,0,0,1,0,3,2,0,NA,0,2,"wt"
"787",13.1,0.7,1,0,0,1,0,3,2,0,NA,0,2,"wt"
"788",13.1,0.8,1,0,0,1,0,3,2,0,NA,0,2,"wt"
"789",13.1,0.9,1,0,0,1,0,3,2,0,NA,0,2,"wt"
"790",13.1,1,1,0,0,1,0,3,2,0,NA,0,2,"wt"
"791",13.1,1.1,1,0,0,1,0,3,2,0,NA,0,2,"wt"
"792",13.1,1.2,1,0,0,1,0,3,2,0,NA,0,2,"wt"
"793",13.1,1.3,1,0,0,1,0,3,2,0,NA,0,2,"wt"
"794",13.1,1.4,1,0,0,1,0,3,2,0,NA,0,2,"wt"
"795",13.1,1.5,1,0,0,1,0,3,2,0,NA,0,2,"wt"
"796",13.1,1.6,1,0,0,1,0,4,2,0,NA,0,2,"wt"
"797",13.1,1.7,1,5,6,1,5,8,2,1,2,1,3,"sft"
"798",13.1,1.8,1,9,4,1,3,8,2,1,4,2,3,"sft"
"799",13.1,1.9,1,6,4,1,5,9,2,1,2,1,3,"sft"
"800",13.1,2,1,7,4,1,5,8,2,1,2,1,3,"sft"
"801",13.1,2.1,1,11,4,1,2,6,2,1,7,2,3,"sft"
"802",13.1,2.2,1,8,4,1,3,6,2,1,4,2,3,"sft"
"803",13.1,2.3,1,11,5,1,2,8,2,1,7,2,3,"sft"
"804",13.1,2.4,1,13,4,1,0,8,2,1,15,2,3,"sft"
"805",13.1,2.5,1,13,4,1,0,8,2,1,15,2,3,"sft"
"806",13.1,2.6,1,13,4,1,1,7,2,1,14,2,3,"sft"
"807",13.1,2.7,1,14,4,1,0,6,2,1,15,2,3,"sft"
"808",13.1,2.8,1,14,4,1,0,5,2,1,15,2,3,"sft"
"809",13.1,2.9,1,11,4,1,0,5,2,1,15,2,3,"sft"
"810",13.1,3,1,13,4,1,0,6,2,1,15,2,3,"sft"
"811",13.6,0.1,1,0,0,1,0,3,2,0,NA,0,2,"wt"
"812",13.6,0.2,1,0,0,1,0,3,2,0,NA,0,2,"wt"
"813",13.6,0.3,1,0,0,1,0,3,2,0,NA,0,2,"wt"
"814",13.6,0.4,1,0,0,1,0,3,2,0,NA,0,2,"wt"
"815",13.6,0.5,1,0,0,1,0,3,2,0,NA,0,2,"wt"
"816",13.6,0.6,1,0,0,1,0,3,2,0,NA,0,2,"wt"
"817",13.6,0.7,1,0,0,1,0,3,2,0,NA,0,2,"wt"
"818",13.6,0.8,1,0,0,1,0,3,2,0,NA,0,2,"wt"
"819",13.6,0.9,1,0,0,1,0,3,2,0,NA,0,2,"wt"
"820",13.6,1,1,0,0,1,0,3,2,0,NA,0,2,"wt"
"821",13.6,1.1,1,0,0,1,0,3,2,0,NA,0,2,"wt"
"822",13.6,1.2,1,0,0,1,0,3,2,0,NA,0,2,"wt"
"823",13.6,1.3,1,0,0,1,0,3,2,0,NA,0,2,"wt"
"824",13.6,1.4,1,0,0,1,0,3,2,0,NA,0,2,"wt"
"825",13.6,1.5,1,0,0,1,0,3,2,0,NA,0,2,"wt"
"826",13.6,1.6,1,0,0,1,0,3,2,0,NA,0,2,"wt"
"827",13.6,1.7,1,0,0,1,0,4,2,0,NA,0,2,"wt"
"828",13.6,1.8,1,8,4,1,4,8,2,1,3,2,3,"sft"
"829",13.6,1.9,1,7,4,1,4,9,2,1,3,2,3,"sft"
"830",13.6,2,1,12,4,1,1,7,2,1,13,2,3,"sft"
"831",13.6,2.1,1,11,4,1,2,8,2,1,7,2,3,"sft"
"832",13.6,2.2,1,10,4,1,2,8,2,1,6,2,3,"sft"
"833",13.6,2.3,1,11,4,1,1,6,2,1,12,2,3,"sft"
"834",13.6,2.4,1,11,5,1,1,8,2,1,12,2,3,"sft"
"835",13.6,2.5,1,13,4,1,1,8,2,1,14,2,3,"sft"
"836",13.6,2.6,1,14,4,1,0,8,2,1,15,2,3,"sft"
"837",13.6,2.7,1,14,4,1,0,5,2,1,15,2,3,"sft"
"838",13.6,2.8,1,13,4,1,0,5,2,1,15,2,3,"sft"
"839",13.6,2.9,1,11,4,1,0,5,2,1,15,2,3,"sft"
"840",13.6,3,1,11,4,1,0,5,2,1,15,2,3,"sft"
"841",14.1,0.1,1,0,0,1,0,3,2,0,NA,0,2,"wt"
"842",14.1,0.2,1,0,0,1,0,3,2,0,NA,0,2,"wt"
"843",14.1,0.3,1,0,0,1,0,3,2,0,NA,0,2,"wt"
"844",14.1,0.4,1,0,0,1,0,3,2,0,NA,0,2,"wt"
"845",14.1,0.5,1,0,0,1,0,3,2,0,NA,0,2,"wt"
"846",14.1,0.6,1,0,0,1,0,3,2,0,NA,0,2,"wt"
"847",14.1,0.7,1,0,0,1,0,3,2,0,NA,0,2,"wt"
"848",14.1,0.8,1,0,0,1,0,3,2,0,NA,0,2,"wt"
"849",14.1,0.9,1,0,0,1,0,3,2,0,NA,0,2,"wt"
"850",14.1,1,1,0,0,1,0,3,2,0,NA,0,2,"wt"
"851",14.1,1.1,1,0,0,1,0,3,2,0,NA,0,2,"wt"
"852",14.1,1.2,1,0,0,1,0,3,2,0,NA,0,2,"wt"
"853",14.1,1.3,1,0,0,1,0,3,2,0,NA,0,2,"wt"
"854",14.1,1.4,1,0,0,1,0,3,2,0,NA,0,2,"wt"
"855",14.1,1.5,1,0,0,1,0,3,2,0,NA,0,2,"wt"
"856",14.1,1.6,1,0,0,1,0,3,2,0,NA,0,2,"wt"
"857",14.1,1.7,1,0,0,1,0,4,2,0,NA,0,2,"wt"
"858",14.1,1.8,1,7,6,1,2,9,2,1,5,2,3,"sft"
"859",14.1,1.9,1,11,4,1,0,7,2,1,15,2,3,"sft"
"860",14.1,2,1,9,4,1,2,9,2,1,5,2,3,"sft"
"861",14.1,2.1,1,8,4,1,3,8,2,1,4,2,3,"sft"
"862",14.1,2.2,1,12,4,1,0,6,2,1,15,2,3,"sft"
"863",14.1,2.3,1,11,4,1,1,6,2,1,12,2,3,"sft"
"864",14.1,2.4,1,8,4,1,1,6,2,1,9,2,3,"sft"
"865",14.1,2.5,1,10,5,1,4,7,2,1,3,2,3,"sft"
"866",14.1,2.6,1,14,4,1,0,8,2,1,15,2,3,"sft"
"867",14.1,2.7,1,13,4,1,0,6,2,1,15,2,3,"sft"
"868",14.1,2.8,1,14,4,1,0,6,2,1,15,2,3,"sft"
"869",14.1,2.9,1,12,4,1,0,5,2,1,15,2,3,"sft"
"870",14.1,3,1,10,4,1,0,5,2,1,15,2,3,"sft"
"871",14.6,0.1,1,0,0,1,0,3,2,0,NA,0,2,"wt"
"872",14.6,0.2,1,0,0,1,0,3,2,0,NA,0,2,"wt"
"873",14.6,0.3,1,0,0,1,0,3,2,0,NA,0,2,"wt"
"874",14.6,0.4,1,0,0,1,0,3,2,0,NA,0,2,"wt"
"875",14.6,0.5,1,0,0,1,0,3,2,0,NA,0,2,"wt"
"876",14.6,0.6,1,0,0,1,0,3,2,0,NA,0,2,"wt"
"877",14.6,0.7,1,0,0,1,0,3,2,0,NA,0,2,"wt"
"878",14.6,0.8,1,0,0,1,0,3,2,0,NA,0,2,"wt"
"879",14.6,0.9,1,0,0,1,0,3,2,0,NA,0,2,"wt"
"880",14.6,1,1,0,0,1,0,3,2,0,NA,0,2,"wt"
"881",14.6,1.1,1,0,0,1,0,3,2,0,NA,0,2,"wt"
"882",14.6,1.2,1,0,0,1,0,3,2,0,NA,0,2,"wt"
"883",14.6,1.3,1,0,0,1,0,3,2,0,NA,0,2,"wt"
"884",14.6,1.4,1,0,0,1,0,3,2,0,NA,0,2,"wt"
"885",14.6,1.5,1,0,0,1,0,3,2,0,NA,0,2,"wt"
"886",14.6,1.6,1,0,0,1,0,3,2,0,NA,0,2,"wt"
"887",14.6,1.7,1,0,0,1,0,3,2,0,NA,0,2,"wt"
"888",14.6,1.8,1,0,0,1,0,4,2,0,NA,0,2,"wt"
"889",14.6,1.9,1,8,4,1,3,8,2,1,4,2,3,"sft"
"890",14.6,2,1,7,4,1,5,9,2,1,2,1,3,"sft"
"891",14.6,2.1,1,11,4,1,3,6,2,1,5,2,3,"sft"
"892",14.6,2.2,1,11,4,1,1,7,2,1,12,2,3,"sft"
"893",14.6,2.3,1,8,4,1,1,6,2,1,9,2,3,"sft"
"894",14.6,2.4,1,9,4,1,0,6,2,1,15,2,3,"sft"
"895",14.6,2.5,1,10,5,1,2,7,2,1,6,2,3,"sft"
"896",14.6,2.6,1,13,4,1,0,8,2,1,15,2,3,"sft"
"897",14.6,2.7,1,14,4,1,0,8,2,1,15,2,3,"sft"
"898",14.6,2.8,1,14,4,1,0,5,2,1,15,2,3,"sft"
"899",14.6,2.9,1,12,4,1,0,5,2,1,15,2,3,"sft"
"900",14.6,3,1,10,4,1,0,5,2,1,15,2,3,"sft"
"901",15.1,0.1,1,0,0,1,0,3,2,0,NA,0,2,"wt"
"902",15.1,0.2,1,0,0,1,0,3,2,0,NA,0,2,"wt"
"903",15.1,0.3,1,0,0,1,0,3,2,0,NA,0,2,"wt"
"904",15.1,0.4,1,0,0,1,0,3,2,0,NA,0,2,"wt"
"905",15.1,0.5,1,0,0,1,0,3,2,0,NA,0,2,"wt"
"906",15.1,0.6,1,0,0,1,0,3,2,0,NA,0,2,"wt"
"907",15.1,0.7,1,0,0,1,0,3,2,0,NA,0,2,"wt"
"908",15.1,0.8,1,0,0,1,0,3,2,0,NA,0,2,"wt"
"909",15.1,0.9,1,0,0,1,0,3,2,0,NA,0,2,"wt"
"910",15.1,1,1,0,0,1,0,3,2,0,NA,0,2,"wt"
"911",15.1,1.1,1,0,0,1,0,3,2,0,NA,0,2,"wt"
"912",15.1,1.2,1,0,0,1,0,3,2,0,NA,0,2,"wt"
"913",15.1,1.3,1,0,0,1,0,3,2,0,NA,0,2,"wt"
"914",15.1,1.4,1,0,0,1,0,3,2,0,NA,0,2,"wt"
"915",15.1,1.5,1,0,0,1,0,3,2,0,NA,0,2,"wt"
"916",15.1,1.6,1,0,0,1,0,3,2,0,NA,0,2,"wt"
"917",15.1,1.7,1,0,0,1,0,3,2,0,NA,0,2,"wt"
"918",15.1,1.8,1,0,0,1,0,3,2,0,NA,0,2,"wt"
"919",15.1,1.9,1,5,7,1,3,8,2,1,3,2,3,"sft"
"920",15.1,2,1,11,4,1,1,7,2,1,12,2,3,"sft"
"921",15.1,2.1,1,11,4,1,2,8,2,1,7,2,3,"sft"
"922",15.1,2.2,1,11,4,1,1,8,2,1,12,2,3,"sft"
"923",15.1,2.3,1,11,4,1,0,6,2,1,15,2,3,"sft"
"924",15.1,2.4,1,9,4,1,1,6,2,1,10,2,3,"sft"
"925",15.1,2.5,1,6,4,1,0,5,2,1,15,2,3,"sft"
"926",15.1,2.6,1,10,5,1,2,7,2,1,6,2,3,"sft"
"927",15.1,2.7,1,13,4,1,1,7,2,1,14,2,3,"sft"
"928",15.1,2.8,1,13,4,1,0,6,2,1,15,2,3,"sft"
"929",15.1,2.9,1,13,4,1,0,6,2,1,15,2,3,"sft"
"930",15.1,3,1,11,4,1,0,5,2,1,15,2,3,"sft"
"931",15.6,0.1,1,0,0,1,0,3,2,0,NA,0,2,"wt"
"932",15.6,0.2,1,0,0,1,0,3,2,0,NA,0,2,"wt"
"933",15.6,0.3,1,0,0,1,0,3,2,0,NA,0,2,"wt"
"934",15.6,0.4,1,0,0,1,0,3,2,0,NA,0,2,"wt"
"935",15.6,0.5,1,0,0,1,0,3,2,0,NA,0,2,"wt"
"936",15.6,0.6,1,0,0,1,0,3,2,0,NA,0,2,"wt"
"937",15.6,0.7,1,0,0,1,0,3,2,0,NA,0,2,"wt"
"938",15.6,0.8,1,0,0,1,0,3,2,0,NA,0,2,"wt"
"939",15.6,0.9,1,0,0,1,0,3,2,0,NA,0,2,"wt"
"940",15.6,1,1,0,0,1,0,3,2,0,NA,0,2,"wt"
"941",15.6,1.1,1,0,0,1,0,3,2,0,NA,0,2,"wt"
"942",15.6,1.2,1,0,0,1,0,3,2,0,NA,0,2,"wt"
"943",15.6,1.3,1,0,0,1,0,3,2,0,NA,0,2,"wt"
"944",15.6,1.4,1,0,0,1,0,3,2,0,NA,0,2,"wt"
"945",15.6,1.5,1,0,0,1,0,3,2,0,NA,0,2,"wt"
"946",15.6,1.6,1,0,0,1,0,3,2,0,NA,0,2,"wt"
"947",15.6,1.7,1,0,0,1,0,3,2,0,NA,0,2,"wt"
"948",15.6,1.8,1,0,0,1,0,3,2,0,NA,0,2,"wt"
"949",15.6,1.9,1,0,0,1,0,3,2,0,NA,0,2,"wt"
"950",15.6,2,1,7,4,1,3,8,2,1,3,2,3,"sft"
"951",15.6,2.1,1,8,4,1,1,7,2,1,9,2,3,"sft"
"952",15.6,2.2,1,12,4,1,0,6,2,1,15,2,3,"sft"
"953",15.6,2.3,1,11,4,1,2,6,2,1,7,2,3,"sft"
"954",15.6,2.4,1,10,4,1,2,6,2,1,6,2,3,"sft"
"955",15.6,2.5,1,6,4,1,0,6,2,1,15,2,3,"sft"
"956",15.6,2.6,1,9,4,1,1,5,2,1,10,2,3,"sft"
"957",15.6,2.7,1,13,4,1,0,8,2,1,15,2,3,"sft"
"958",15.6,2.8,1,14,4,1,0,7,2,1,15,2,3,"sft"
"959",15.6,2.9,1,14,4,1,0,5,2,1,15,2,3,"sft"
"960",15.6,3,1,11,4,1,0,5,2,1,15,2,3,"sft"
"961",16.1,0.1,1,0,0,1,0,3,2,0,NA,0,2,"wt"
"962",16.1,0.2,1,0,0,1,0,3,2,0,NA,0,2,"wt"
"963",16.1,0.3,1,0,0,1,0,3,2,0,NA,0,2,"wt"
"964",16.1,0.4,1,0,0,1,0,3,2,0,NA,0,2,"wt"
"965",16.1,0.5,1,0,0,1,0,3,2,0,NA,0,2,"wt"
"966",16.1,0.6,1,0,0,1,0,3,2,0,NA,0,2,"wt"
"967",16.1,0.7,1,0,0,1,0,3,2,0,NA,0,2,"wt"
"968",16.1,0.8,1,0,0,1,0,3,2,0,NA,0,2,"wt"
"969",16.1,0.9,1,0,0,1,0,3,2,0,NA,0,2,"wt"
"970",16.1,1,1,0,0,1,0,3,2,0,NA,0,2,"wt"
"971",16.1,1.1,1,0,0,1,0,3,2,0,NA,0,2,"wt"
"972",16.1,1.2,1,0,0,1,0,3,2,0,NA,0,2,"wt"
"973",16.1,1.3,1,0,0,1,0,3,2,0,NA,0,2,"wt"
"974",16.1,1.4,1,0,0,1,0,3,2,0,NA,0,2,"wt"
"975",16.1,1.5,1,0,0,1,0,3,2,0,NA,0,2,"wt"
"976",16.1,1.6,1,0,0,1,0,3,2,0,NA,0,2,"wt"
"977",16.1,1.7,1,0,0,1,0,3,2,0,NA,0,2,"wt"
"978",16.1,1.8,1,0,0,1,0,3,2,0,NA,0,2,"wt"
"979",16.1,1.9,1,0,0,1,0,3,2,0,NA,0,2,"wt"
"980",16.1,2,1,0,0,1,0,4,2,0,NA,0,2,"wt"
"981",16.1,2.1,1,10,4,1,1,7,2,1,11,2,3,"sft"
"982",16.1,2.2,1,12,4,1,0,8,2,1,15,2,3,"sft"
"983",16.1,2.3,1,10,4,1,1,7,2,1,11,2,3,"sft"
"984",16.1,2.4,1,9,4,1,0,6,2,1,15,2,3,"sft"
"985",16.1,2.5,1,8,4,1,0,6,2,1,15,2,3,"sft"
"986",16.1,2.6,1,6,4,1,0,4,2,1,15,2,3,"sft"
"987",16.1,2.7,1,10,5,1,1,7,2,1,11,2,3,"sft"
"988",16.1,2.8,1,14,4,1,0,7,2,1,15,2,3,"sft"
"989",16.1,2.9,1,13,4,1,0,7,2,1,15,2,3,"sft"
"990",16.1,3,1,12,4,1,0,6,2,1,15,2,3,"sft"
"991",16.6,0.1,1,0,0,1,0,3,2,0,NA,0,2,"wt"
"992",16.6,0.2,1,0,0,1,0,3,2,0,NA,0,2,"wt"
"993",16.6,0.3,1,0,0,1,0,3,2,0,NA,0,2,"wt"
"994",16.6,0.4,1,0,0,1,0,3,2,0,NA,0,2,"wt"
"995",16.6,0.5,1,0,0,1,0,3,2,0,NA,0,2,"wt"
"996",16.6,0.6,1,0,0,1,0,3,2,0,NA,0,2,"wt"
"997",16.6,0.7,1,0,0,1,0,3,2,0,NA,0,2,"wt"
"998",16.6,0.8,1,0,0,1,0,3,2,0,NA,0,2,"wt"
"999",16.6,0.9,1,0,0,1,0,3,2,0,NA,0,2,"wt"
"1000",16.6,1,1,0,0,1,0,3,2,0,NA,0,2,"wt"
"1001",16.6,1.1,1,0,0,1,0,3,2,0,NA,0,2,"wt"
"1002",16.6,1.2,1,0,0,1,0,3,2,0,NA,0,2,"wt"
"1003",16.6,1.3,1,0,0,1,0,3,2,0,NA,0,2,"wt"
"1004",16.6,1.4,1,0,0,1,0,3,2,0,NA,0,2,"wt"
"1005",16.6,1.5,1,0,0,1,0,3,2,0,NA,0,2,"wt"
"1006",16.6,1.6,1,0,0,1,0,3,2,0,NA,0,2,"wt"
"1007",16.6,1.7,1,0,0,1,0,3,2,0,NA,0,2,"wt"
"1008",16.6,1.8,1,0,0,1,0,3,2,0,NA,0,2,"wt"
"1009",16.6,1.9,1,0,0,1,0,3,2,0,NA,0,2,"wt"
"1010",16.6,2,1,0,0,1,0,3,2,0,NA,0,2,"wt"
"1011",16.6,2.1,1,9,4,1,1,8,2,1,10,2,3,"sft"
"1012",16.6,2.2,1,9,4,1,0,7,2,1,15,2,3,"sft"
"1013",16.6,2.3,1,10,4,1,2,6,2,1,6,2,3,"sft"
"1014",16.6,2.4,1,10,4,1,1,6,2,1,11,2,3,"sft"
"1015",16.6,2.5,1,9,4,1,0,6,2,1,15,2,3,"sft"
"1016",16.6,2.6,1,6,4,1,0,5,2,1,15,2,3,"sft"
"1017",16.6,2.7,1,8,4,1,0,5,2,1,15,2,3,"sft"
"1018",16.6,2.8,1,13,4,1,0,7,2,1,15,2,3,"sft"
"1019",16.6,2.9,1,13,4,1,0,6,2,1,15,2,3,"sft"
"1020",16.6,3,1,12,4,1,0,5,2,1,15,2,3,"sft"
"1021",17.1,0.1,0,0,0,2,0,2,1,0,NA,0,1,"tmf"
"1022",17.1,0.2,0,0,0,2,0,2,1,0,NA,0,1,"tmf"
"1023",17.1,0.3,0,0,0,2,0,2,1,0,NA,0,1,"tmf"
"1024",17.1,0.4,0,0,0,2,0,2,1,0,NA,0,1,"tmf"
"1025",17.1,0.5,0,0,0,2,0,2,1,0,NA,0,1,"tmf"
"1026",17.1,0.6,0,0,0,2,0,2,1,0,NA,0,1,"tmf"
"1027",17.1,0.7,0,0,0,2,0,2,1,0,NA,0,1,"tmf"
"1028",17.1,0.8,0,0,0,2,0,2,1,0,NA,0,1,"tmf"
"1029",17.1,0.9,0,0,0,2,0,2,1,0,NA,0,1,"tmf"
"1030",17.1,1,0,0,0,2,0,2,1,0,NA,0,1,"tmf"
"1031",17.1,1.1,0,0,0,2,0,2,1,0,NA,0,1,"tmf"
"1032",17.1,1.2,0,0,0,2,0,2,1,0,NA,0,1,"tmf"
"1033",17.1,1.3,0,0,0,2,0,2,1,0,NA,0,1,"tmf"
"1034",17.1,1.4,0,0,0,2,0,2,1,0,NA,0,1,"tmf"
"1035",17.1,1.5,0,0,0,2,0,2,1,0,NA,0,1,"tmf"
"1036",17.1,1.6,0,0,0,2,0,2,1,0,NA,0,1,"tmf"
"1037",17.1,1.7,0,0,0,2,0,2,1,0,NA,0,1,"tmf"
"1038",17.1,1.8,0,0,0,2,0,2,1,0,NA,0,1,"tmf"
"1039",17.1,1.9,0,0,0,2,0,2,1,0,NA,0,1,"tmf"
"1040",17.1,2,0,0,0,2,0,2,1,0,NA,0,1,"tmf"
"1041",17.1,2.1,0,0,0,2,0,2,1,0,NA,0,1,"tmf"
"1042",17.1,2.2,0,0,0,2,0,2,1,0,NA,0,1,"tmf"
"1043",17.1,2.3,0,0,0,2,0,2,1,0,NA,0,1,"tmf"
"1044",17.1,2.4,0,0,0,2,0,2,1,0,NA,0,1,"tmf"
"1045",17.1,2.5,0,0,0,2,0,2,1,0,NA,0,1,"tmf"
"1046",17.1,2.6,0,0,0,2,0,2,1,0,NA,0,1,"tmf"
"1047",17.1,2.7,0,0,0,2,0,2,1,0,NA,0,1,"tmf"
"1048",17.1,2.8,0,0,0,2,0,2,1,0,NA,0,1,"tmf"
"1049",17.1,2.9,0,0,0,2,0,2,1,0,NA,0,1,"tmf"
"1050",17.1,3,0,0,0,2,0,2,1,0,NA,0,1,"tmf"
"1051",17.6,0.1,0,0,0,2,0,2,1,0,NA,0,1,"tmf"
"1052",17.6,0.2,0,0,0,2,0,2,1,0,NA,0,1,"tmf"
"1053",17.6,0.3,0,0,0,2,0,2,1,0,NA,0,1,"tmf"
"1054",17.6,0.4,0,0,0,2,0,2,1,0,NA,0,1,"tmf"
"1055",17.6,0.5,0,0,0,2,0,2,1,0,NA,0,1,"tmf"
"1056",17.6,0.6,0,0,0,2,0,2,1,0,NA,0,1,"tmf"
"1057",17.6,0.7,0,0,0,2,0,2,1,0,NA,0,1,"tmf"
"1058",17.6,0.8,0,0,0,2,0,2,1,0,NA,0,1,"tmf"
"1059",17.6,0.9,0,0,0,2,0,2,1,0,NA,0,1,"tmf"
"1060",17.6,1,0,0,0,2,0,2,1,0,NA,0,1,"tmf"
"1061",17.6,1.1,0,0,0,2,0,2,1,0,NA,0,1,"tmf"
"1062",17.6,1.2,0,0,0,2,0,2,1,0,NA,0,1,"tmf"
"1063",17.6,1.3,0,0,0,2,0,2,1,0,NA,0,1,"tmf"
"1064",17.6,1.4,0,0,0,2,0,2,1,0,NA,0,1,"tmf"
"1065",17.6,1.5,0,0,0,2,0,2,1,0,NA,0,1,"tmf"
"1066",17.6,1.6,0,0,0,2,0,2,1,0,NA,0,1,"tmf"
"1067",17.6,1.7,0,0,0,2,0,2,1,0,NA,0,1,"tmf"
"1068",17.6,1.8,0,0,0,2,0,2,1,0,NA,0,1,"tmf"
"1069",17.6,1.9,0,0,0,2,0,2,1,0,NA,0,1,"tmf"
"1070",17.6,2,0,0,0,2,0,2,1,0,NA,0,1,"tmf"
"1071",17.6,2.1,0,0,0,2,0,2,1,0,NA,0,1,"tmf"
"1072",17.6,2.2,0,0,0,2,0,2,1,0,NA,0,1,"tmf"
"1073",17.6,2.3,0,0,0,2,0,2,1,0,NA,0,1,"tmf"
"1074",17.6,2.4,0,0,0,2,0,2,1,0,NA,0,1,"tmf"
"1075",17.6,2.5,0,0,0,2,0,2,1,0,NA,0,1,"tmf"
"1076",17.6,2.6,0,0,0,2,0,2,1,0,NA,0,1,"tmf"
"1077",17.6,2.7,0,0,0,2,0,2,1,0,NA,0,1,"tmf"
"1078",17.6,2.8,0,0,0,2,0,2,1,0,NA,0,1,"tmf"
"1079",17.6,2.9,0,0,0,2,0,2,1,0,NA,0,1,"tmf"
"1080",17.6,3,0,0,0,2,0,2,1,0,NA,0,1,"tmf"
"1081",18.1,0.1,0,0,0,2,0,2,1,0,NA,0,1,"tmf"
"1082",18.1,0.2,0,0,0,2,0,2,1,0,NA,0,1,"tmf"
"1083",18.1,0.3,0,0,0,2,0,2,1,0,NA,0,1,"tmf"
"1084",18.1,0.4,0,0,0,2,0,2,1,0,NA,0,1,"tmf"
"1085",18.1,0.5,0,0,0,2,0,2,1,0,NA,0,1,"tmf"
"1086",18.1,0.6,0,0,0,2,0,2,1,0,NA,0,1,"tmf"
"1087",18.1,0.7,0,0,0,2,0,2,1,0,NA,0,1,"tmf"
"1088",18.1,0.8,0,0,0,2,0,2,1,0,NA,0,1,"tmf"
"1089",18.1,0.9,0,0,0,2,0,2,1,0,NA,0,1,"tmf"
"1090",18.1,1,0,0,0,2,0,2,1,0,NA,0,1,"tmf"
"1091",18.1,1.1,0,0,0,2,0,2,1,0,NA,0,1,"tmf"
"1092",18.1,1.2,0,0,0,2,0,2,1,0,NA,0,1,"tmf"
"1093",18.1,1.3,0,0,0,2,0,2,1,0,NA,0,1,"tmf"
"1094",18.1,1.4,0,0,0,2,0,2,1,0,NA,0,1,"tmf"
"1095",18.1,1.5,0,0,0,2,0,2,1,0,NA,0,1,"tmf"
"1096",18.1,1.6,0,0,0,2,0,2,1,0,NA,0,1,"tmf"
"1097",18.1,1.7,0,0,0,2,0,2,1,0,NA,0,1,"tmf"
"1098",18.1,1.8,0,0,0,2,0,2,1,0,NA,0,1,"tmf"
"1099",18.1,1.9,0,0,0,2,0,2,1,0,NA,0,1,"tmf"
"1100",18.1,2,0,0,0,2,0,2,1,0,NA,0,1,"tmf"
"1101",18.1,2.1,0,0,0,2,0,2,1,0,NA,0,1,"tmf"
"1102",18.1,2.2,0,0,0,2,0,2,1,0,NA,0,1,"tmf"
"1103",18.1,2.3,0,0,0,2,0,2,1,0,NA,0,1,"tmf"
"1104",18.1,2.4,0,0,0,2,0,2,1,0,NA,0,1,"tmf"
"1105",18.1,2.5,0,0,0,2,0,2,1,0,NA,0,1,"tmf"
"1106",18.1,2.6,0,0,0,2,0,2,1,0,NA,0,1,"tmf"
"1107",18.1,2.7,0,0,0,2,0,2,1,0,NA,0,1,"tmf"
"1108",18.1,2.8,0,0,0,2,0,2,1,0,NA,0,1,"tmf"
"1109",18.1,2.9,0,0,0,2,0,2,1,0,NA,0,1,"tmf"
"1110",18.1,3,0,0,0,2,0,2,1,0,NA,0,1,"tmf"
"1111",18.6,0.1,0,0,0,2,0,2,1,0,NA,0,1,"tmf"
"1112",18.6,0.2,0,0,0,2,0,2,1,0,NA,0,1,"tmf"
"1113",18.6,0.3,0,0,0,2,0,2,1,0,NA,0,1,"tmf"
"1114",18.6,0.4,0,0,0,2,0,2,1,0,NA,0,1,"tmf"
"1115",18.6,0.5,0,0,0,2,0,2,1,0,NA,0,1,"tmf"
"1116",18.6,0.6,0,0,0,2,0,2,1,0,NA,0,1,"tmf"
"1117",18.6,0.7,0,0,0,2,0,2,1,0,NA,0,1,"tmf"
"1118",18.6,0.8,0,0,0,2,0,2,1,0,NA,0,1,"tmf"
"1119",18.6,0.9,0,0,0,2,0,2,1,0,NA,0,1,"tmf"
"1120",18.6,1,0,0,0,2,0,2,1,0,NA,0,1,"tmf"
"1121",18.6,1.1,0,0,0,2,0,2,1,0,NA,0,1,"tmf"
"1122",18.6,1.2,0,0,0,2,0,2,1,0,NA,0,1,"tmf"
"1123",18.6,1.3,0,0,0,2,0,2,1,0,NA,0,1,"tmf"
"1124",18.6,1.4,0,0,0,2,0,2,1,0,NA,0,1,"tmf"
"1125",18.6,1.5,0,0,0,2,0,2,1,0,NA,0,1,"tmf"
"1126",18.6,1.6,0,0,0,2,0,2,1,0,NA,0,1,"tmf"
"1127",18.6,1.7,0,0,0,2,0,2,1,0,NA,0,1,"tmf"
"1128",18.6,1.8,0,0,0,2,0,2,1,0,NA,0,1,"tmf"
"1129",18.6,1.9,0,0,0,2,0,2,1,0,NA,0,1,"tmf"
"1130",18.6,2,0,0,0,2,0,2,1,0,NA,0,1,"tmf"
"1131",18.6,2.1,0,0,0,2,0,2,1,0,NA,0,1,"tmf"
"1132",18.6,2.2,0,0,0,2,0,2,1,0,NA,0,1,"tmf"
"1133",18.6,2.3,0,0,0,2,0,2,1,0,NA,0,1,"tmf"
"1134",18.6,2.4,0,0,0,2,0,2,1,0,NA,0,1,"tmf"
"1135",18.6,2.5,0,0,0,2,0,2,1,0,NA,0,1,"tmf"
"1136",18.6,2.6,0,0,0,2,0,2,1,0,NA,0,1,"tmf"
"1137",18.6,2.7,0,0,0,2,0,2,1,0,NA,0,1,"tmf"
"1138",18.6,2.8,0,0,0,2,0,2,1,0,NA,0,1,"tmf"
"1139",18.6,2.9,0,0,0,2,0,2,1,0,NA,0,1,"tmf"
"1140",18.6,3,0,0,0,2,0,2,1,0,NA,0,1,"tmf"
"1141",19.1,0.1,0,0,0,2,0,2,1,0,NA,0,1,"tmf"
"1142",19.1,0.2,0,0,0,2,0,2,1,0,NA,0,1,"tmf"
"1143",19.1,0.3,0,0,0,2,0,2,1,0,NA,0,1,"tmf"
"1144",19.1,0.4,0,0,0,2,0,2,1,0,NA,0,1,"tmf"
"1145",19.1,0.5,0,0,0,2,0,2,1,0,NA,0,1,"tmf"
"1146",19.1,0.6,0,0,0,2,0,2,1,0,NA,0,1,"tmf"
"1147",19.1,0.7,0,0,0,2,0,2,1,0,NA,0,1,"tmf"
"1148",19.1,0.8,0,0,0,2,0,2,1,0,NA,0,1,"tmf"
"1149",19.1,0.9,0,0,0,2,0,2,1,0,NA,0,1,"tmf"
"1150",19.1,1,0,0,0,2,0,2,1,0,NA,0,1,"tmf"
"1151",19.1,1.1,0,0,0,2,0,2,1,0,NA,0,1,"tmf"
"1152",19.1,1.2,0,0,0,2,0,2,1,0,NA,0,1,"tmf"
"1153",19.1,1.3,0,0,0,2,0,2,1,0,NA,0,1,"tmf"
"1154",19.1,1.4,0,0,0,2,0,2,1,0,NA,0,1,"tmf"
"1155",19.1,1.5,0,0,0,2,0,2,1,0,NA,0,1,"tmf"
"1156",19.1,1.6,0,0,0,2,0,2,1,0,NA,0,1,"tmf"
"1157",19.1,1.7,0,0,0,2,0,2,1,0,NA,0,1,"tmf"
"1158",19.1,1.8,0,0,0,2,0,2,1,0,NA,0,1,"tmf"
"1159",19.1,1.9,0,0,0,2,0,2,1,0,NA,0,1,"tmf"
"1160",19.1,2,0,0,0,2,0,2,1,0,NA,0,1,"tmf"
"1161",19.1,2.1,0,0,0,2,0,2,1,0,NA,0,1,"tmf"
"1162",19.1,2.2,0,0,0,2,0,2,1,0,NA,0,1,"tmf"
"1163",19.1,2.3,0,0,0,2,0,2,1,0,NA,0,1,"tmf"
"1164",19.1,2.4,0,0,0,2,0,2,1,0,NA,0,1,"tmf"
"1165",19.1,2.5,0,0,0,2,0,2,1,0,NA,0,1,"tmf"
"1166",19.1,2.6,0,0,0,2,0,2,1,0,NA,0,1,"tmf"
"1167",19.1,2.7,0,0,0,2,0,2,1,0,NA,0,1,"tmf"
"1168",19.1,2.8,0,0,0,2,0,2,1,0,NA,0,1,"tmf"
"1169",19.1,2.9,0,0,0,2,0,2,1,0,NA,0,1,"tmf"
"1170",19.1,3,0,0,0,2,0,2,1,0,NA,0,1,"tmf"
"1171",19.6,0.1,0,0,0,2,0,2,1,0,NA,0,1,"tmf"
"1172",19.6,0.2,0,0,0,2,0,2,1,0,NA,0,1,"tmf"
"1173",19.6,0.3,0,0,0,2,0,2,1,0,NA,0,1,"tmf"
"1174",19.6,0.4,0,0,0,2,0,2,1,0,NA,0,1,"tmf"
"1175",19.6,0.5,0,0,0,2,0,2,1,0,NA,0,1,"tmf"
"1176",19.6,0.6,0,0,0,2,0,2,1,0,NA,0,1,"tmf"
"1177",19.6,0.7,0,0,0,2,0,2,1,0,NA,0,1,"tmf"
"1178",19.6,0.8,0,0,0,2,0,2,1,0,NA,0,1,"tmf"
"1179",19.6,0.9,0,0,0,2,0,2,1,0,NA,0,1,"tmf"
"1180",19.6,1,0,0,0,2,0,2,1,0,NA,0,1,"tmf"
"1181",19.6,1.1,0,0,0,2,0,2,1,0,NA,0,1,"tmf"
"1182",19.6,1.2,0,0,0,2,0,2,1,0,NA,0,1,"tmf"
"1183",19.6,1.3,0,0,0,2,0,2,1,0,NA,0,1,"tmf"
"1184",19.6,1.4,0,0,0,2,0,2,1,0,NA,0,1,"tmf"
"1185",19.6,1.5,0,0,0,2,0,2,1,0,NA,0,1,"tmf"
"1186",19.6,1.6,0,0,0,2,0,2,1,0,NA,0,1,"tmf"
"1187",19.6,1.7,0,0,0,2,0,2,1,0,NA,0,1,"tmf"
"1188",19.6,1.8,0,0,0,2,0,2,1,0,NA,0,1,"tmf"
"1189",19.6,1.9,0,0,0,2,0,2,1,0,NA,0,1,"tmf"
"1190",19.6,2,0,0,0,2,0,2,1,0,NA,0,1,"tmf"
"1191",19.6,2.1,0,0,0,2,0,2,1,0,NA,0,1,"tmf"
"1192",19.6,2.2,0,0,0,2,0,2,1,0,NA,0,1,"tmf"
"1193",19.6,2.3,0,0,0,2,0,2,1,0,NA,0,1,"tmf"
"1194",19.6,2.4,0,0,0,2,0,2,1,0,NA,0,1,"tmf"
"1195",19.6,2.5,0,0,0,2,0,2,1,0,NA,0,1,"tmf"
"1196",19.6,2.6,0,0,0,2,0,2,1,0,NA,0,1,"tmf"
"1197",19.6,2.7,0,0,0,2,0,2,1,0,NA,0,1,"tmf"
"1198",19.6,2.8,0,0,0,2,0,2,1,0,NA,0,1,"tmf"
"1199",19.6,2.9,0,0,0,2,0,2,1,0,NA,0,1,"tmf"
"1200",19.6,3,0,0,0,2,0,2,1,0,NA,0,1,"tmf"
